{"model":{"type":"range_dispatch","property":"custom_model_data","index":0,"fallback":{"type":"model","model":"item/leather_horse_armor","tints":[{"type":"dye","default":-6265536}]},"entries":[{"threshold":1,"model":{"type":"model","model":"modelengine:earth_crate/mainlock","tints":[{"type":"dye","default":-6265536}]}},{"threshold":2,"model":{"type":"model","model":"modelengine:fire_crate/lowerbase","tints":[{"type":"dye","default":-6265536}]}},{"threshold":3,"model":{"type":"model","model":"modelengine:water_crate/lowerbase","tints":[{"type":"dye","default":-6265536}]}},{"threshold":4,"model":{"type":"model","model":"modelengine:water_crate/uppercase","tints":[{"type":"dye","default":-6265536}]}},{"threshold":5,"model":{"type":"model","model":"modelengine:earth_crate/lowerbase","tints":[{"type":"dye","default":-6265536}]}},{"threshold":6,"model":{"type":"model","model":"modelengine:fire_crate/uppercase","tints":[{"type":"dye","default":-6265536}]}},{"threshold":7,"model":{"type":"model","model":"modelengine:water_crate/rightbottle","tints":[{"type":"dye","default":-6265536}]}},{"threshold":8,"model":{"type":"model","model":"modelengine:earth_crate/uppercase","tints":[{"type":"dye","default":-6265536}]}},{"threshold":9,"model":{"type":"model","model":"modelengine:fire_crate/head","tints":[{"type":"dye","default":-6265536}]}},{"threshold":10,"model":{"type":"model","model":"modelengine:earth_crate/lock","tints":[{"type":"dye","default":-6265536}]}},{"threshold":11,"model":{"type":"model","model":"modelengine:fire_crate/leftclothe","tints":[{"type":"dye","default":-6265536}]}},{"threshold":12,"model":{"type":"model","model":"modelengine:earth_crate/bone8","tints":[{"type":"dye","default":-6265536}]}},{"threshold":13,"model":{"type":"model","model":"modelengine:fire_crate/rightclothe","tints":[{"type":"dye","default":-6265536}]}},{"threshold":14,"model":{"type":"model","model":"modelengine:earth_crate/bone2","tints":[{"type":"dye","default":-6265536}]}},{"threshold":15,"model":{"type":"model","model":"modelengine:fire_crate/bone2","tints":[{"type":"dye","default":-6265536}]}},{"threshold":16,"model":{"type":"model","model":"modelengine:earth_crate/bone6","tints":[{"type":"dye","default":-6265536}]}},{"threshold":17,"model":{"type":"model","model":"modelengine:fire_crate/bone4","tints":[{"type":"dye","default":-6265536}]}},{"threshold":18,"model":{"type":"model","model":"modelengine:earth_crate/bone4","tints":[{"type":"dye","default":-6265536}]}},{"threshold":19,"model":{"type":"model","model":"modelengine:water_crate/leftcloth","tints":[{"type":"dye","default":-6265536}]}},{"threshold":20,"model":{"type":"model","model":"modelengine:fire_crate/leftclothe2","tints":[{"type":"dye","default":-6265536}]}},{"threshold":21,"model":{"type":"model","model":"modelengine:earth_crate/bone9","tints":[{"type":"dye","default":-6265536}]}},{"threshold":22,"model":{"type":"model","model":"modelengine:fire_crate/rightclothe2","tints":[{"type":"dye","default":-6265536}]}},{"threshold":23,"model":{"type":"model","model":"modelengine:water_crate/bone5","tints":[{"type":"dye","default":-6265536}]}},{"threshold":24,"model":{"type":"model","model":"modelengine:earth_crate/bone3","tints":[{"type":"dye","default":-6265536}]}},{"threshold":25,"model":{"type":"model","model":"modelengine:fire_crate/bone3","tints":[{"type":"dye","default":-6265536}]}},{"threshold":26,"model":{"type":"model","model":"modelengine:water_crate/rightcloth","tints":[{"type":"dye","default":-6265536}]}},{"threshold":27,"model":{"type":"model","model":"modelengine:fire_crate/bone5","tints":[{"type":"dye","default":-6265536}]}},{"threshold":28,"model":{"type":"model","model":"modelengine:water_crate/bone2","tints":[{"type":"dye","default":-6265536}]}},{"threshold":29,"model":{"type":"model","model":"modelengine:fire_crate/bone7","tints":[{"type":"dye","default":-6265536}]}},{"threshold":30,"model":{"type":"model","model":"modelengine:earth_crate/bone7","tints":[{"type":"dye","default":-6265536}]}},{"threshold":31,"model":{"type":"model","model":"modelengine:water_crate/bone3","tints":[{"type":"dye","default":-6265536}]}},{"threshold":32,"model":{"type":"model","model":"modelengine:fire_crate/bone6","tints":[{"type":"dye","default":-6265536}]}},{"threshold":33,"model":{"type":"model","model":"modelengine:water_crate/leftbottle","tints":[{"type":"dye","default":-6265536}]}},{"threshold":34,"model":{"type":"model","model":"modelengine:earth_crate/bone5","tints":[{"type":"dye","default":-6265536}]}},{"threshold":35,"model":{"type":"model","model":"modelengine:water_crate/bone4","tints":[{"type":"dye","default":-6265536}]}},{"threshold":36,"model":{"type":"model","model":"modelengine:wind_crate/lowerbase","tints":[{"type":"dye","default":-6265536}]}},{"threshold":37,"model":{"type":"model","model":"modelengine:wind_crate/uppercase","tints":[{"type":"dye","default":-6265536}]}},{"threshold":38,"model":{"type":"model","model":"modelengine:wind_crate/windclothe","tints":[{"type":"dye","default":-6265536}]}},{"threshold":39,"model":{"type":"model","model":"modelengine:wind_crate/leftwing","tints":[{"type":"dye","default":-6265536}]}},{"threshold":40,"model":{"type":"model","model":"modelengine:wind_crate/rightwing","tints":[{"type":"dye","default":-6265536}]}},{"threshold":41,"model":{"type":"model","model":"modelengine:wind_crate/windclothe2","tints":[{"type":"dye","default":-6265536}]}}]},"oversized_in_gui":true}