{"textures":{"0":"modelengine:entity/firecrate","particle":"#0"},"elements":[{"from":[6.6,4.970001,6.5999994],"to":[9.4,11.27,9.4],"faces":{"east":{"uv":[6.25,7.25,6.5,7.8125],"tintindex":0,"rotation":0,"texture":"#0"},"south":{"uv":[3.625,4.5,3.875,5.0625],"tintindex":0,"rotation":0,"texture":"#0"},"north":{"uv":[6.0,7.25,6.25,7.8125],"tintindex":0,"rotation":0,"texture":"#0"},"west":{"uv":[1.75,7.125,2.0,7.6875],"tintindex":0,"rotation":0,"texture":"#0"},"up":{"uv":[5.625,8.125,5.875,8.375],"tintindex":0,"rotation":0,"texture":"#0"},"down":{"uv":[5.875,8.375,6.125,8.125],"tintindex":0,"rotation":0,"texture":"#0"}},"rotation":{"origin":[6.95,6.720001,7.3],"angle":0.0,"axis":"y"}}],"display":{"head":{"rotation":[0.0,0.0,0.0]},"firstperson_righthand":{"rotation":[0.0,0.0,0.0]},"thirdperson_lefthand":{"rotation":[0.0,0.0,0.0]},"firstperson_lefthand":{"rotation":[0.0,0.0,0.0]},"fixed":{"rotation":[0.0,0.0,0.0]},"ground":{"rotation":[0.0,0.0,0.0]},"thirdperson_righthand":{"rotation":[0.0,0.0,0.0]},"gui":{"rotation":[-150.0,-45.0,180.0]}}}