{"textures":{"0":"modelengine:entity/firecrate","particle":"#0"},"elements":[{"from":[8.0,2.5200005,4.5],"to":[8.0,8.12,11.5],"faces":{"east":{"uv":[0.75,8.6875,1.375,9.1875],"tintindex":0,"rotation":0,"texture":"#0"},"west":{"uv":[1.375,8.6875,0.75,9.1875],"tintindex":0,"rotation":0,"texture":"#0"}}}],"display":{"head":{"rotation":[0.0,0.0,0.0]},"firstperson_righthand":{"rotation":[0.0,0.0,0.0]},"thirdperson_lefthand":{"rotation":[0.0,0.0,0.0]},"firstperson_lefthand":{"rotation":[0.0,0.0,0.0]},"fixed":{"rotation":[0.0,0.0,0.0]},"ground":{"rotation":[0.0,0.0,0.0]},"thirdperson_righthand":{"rotation":[0.0,0.0,0.0]},"gui":{"rotation":[-150.0,-45.0,180.0]}}}