{"providers":[{"type":"space","advances":{" ":4}},{"type":"bitmap","file":"betterhud:text_default_16_1.png","ascent":7,"height":8,"chars":["il|¦ıі"]},{"type":"bitmap","file":"betterhud:text_default_16_2.png","ascent":7,"height":8,"chars":["!',.:;I`¡´·Íìíįİ"]},{"type":"bitmap","file":"betterhud:text_default_16_3.png","ascent":7,"height":8,"chars":["ļІ"]},{"type":"bitmap","file":"betterhud:text_default_16_4.png","ascent":7,"height":8,"chars":[")[]j¹ÌĮĺľłſј"]},{"type":"bitmap","file":"betterhud:text_default_16_5.png","ascent":7,"height":8,"chars":["\"(-/1\\frt{}¨­°³¸"]},{"type":"bitmap","file":"betterhud:text_default_16_6.png","ascent":7,"height":8,"chars":["ÎÏîïĭĵŀŕţŧЇгѓї"]},{"type":"bitmap","file":"betterhud:text_default_16_7.png","ascent":7,"height":8,"chars":["*ª²ºĨĩĪīĬĳŗřťкќ"]},{"type":"bitmap","file":"betterhud:text_default_16_8.png","ascent":7,"height":8,"chars":["J^hknu«µ»×ñùúûüĥ","ķĸńņňŋũūŭůűЈвзий"]},{"type":"bitmap","file":"betterhud:text_default_16_9.png","ascent":7,"height":8,"chars":["нпьѝџ"]},{"type":"bitmap","file":"betterhud:text_default_16_10.png","ascent":7,"height":8,"chars":["Labcdgpqsvxyz¢¿à","áâãäåçøýþÿāăćĉċč","ĝğġģħĴĹĻĽĿśŝşšųŷ","źżžЃГарстухцчэяђ"]},{"type":"bitmap","file":"betterhud:text_default_16_11.png","ascent":7,"height":8,"chars":["єѕћў"]},{"type":"bitmap","file":"betterhud:text_default_16_12.png","ascent":7,"height":8,"chars":["#$+023456789<=>?","BEFKPeo~£¤¥§¬±¶È","ÉÊËÞßèéêëðòóôõöą","đĒēĔĕĖėĘęĚěĶōŏőЀ","ЁЌБВЕЗКРЬбелмоѐё"]},{"type":"bitmap","file":"betterhud:text_default_16_13.png","ascent":7,"height":8,"chars":["DHNRSTUXZÑÙÚÛÜĎď","ĤĲŁŃŅŇŉŊŔŖŘŚŜŞŠŢ","ŤŦŨŪŬŮŰŲŹŻŽЅЍЎЏИ"]},{"type":"bitmap","file":"betterhud:text_default_16_14.png","ascent":7,"height":8,"chars":["ЙЛНПТУХЧдъы"]},{"type":"bitmap","file":"betterhud:text_default_16_15.png","ascent":7,"height":8,"chars":["&ACVY_¯ÀÁÂÃÄÅÇÝĀ","ĂĄĆĈĊČŶŸЄАСЦЭЯжш"]},{"type":"bitmap","file":"betterhud:text_default_16_16.png","ascent":7,"height":8,"chars":["ю"]},{"type":"bitmap","file":"betterhud:text_default_16_17.png","ascent":7,"height":8,"chars":["GMOQmw©®ÐÒÓÔÕÖØĐ","ĜĞĠĢĦŌŎŐŵДМОФЫщњ"]},{"type":"bitmap","file":"betterhud:text_default_16_18.png","ascent":7,"height":8,"chars":["ЋШф"]},{"type":"bitmap","file":"betterhud:text_default_16_19.png","ascent":7,"height":8,"chars":["%¼½¾æЂЩЪљ"]},{"type":"bitmap","file":"betterhud:text_default_16_20.png","ascent":7,"height":8,"chars":["WŒœŴЊЖЮ"]},{"type":"bitmap","file":"betterhud:text_default_16_21.png","ascent":7,"height":8,"chars":["@ÆЉ"]}]}