{"providers":[{"type":"bitmap","file":"betterhud:image_skill_background.png","ascent":-8409045,"height":24,"chars":["󎀁"]},{"type":"bitmap","file":"betterhud:image_fireball.png","ascent":-8409047,"height":20,"chars":["󎀂"]},{"type":"bitmap","file":"betterhud:image_out_of_mana.png","ascent":-8409045,"height":24,"chars":["󎀃"]},{"type":"bitmap","file":"betterhud:image_skill_background.png","ascent":-8409045,"height":24,"chars":["󎀝"]},{"type":"bitmap","file":"betterhud:image_fireball.png","ascent":-8409047,"height":20,"chars":["󎀞"]},{"type":"bitmap","file":"betterhud:image_out_of_mana.png","ascent":-8409045,"height":24,"chars":["󎀟"]},{"type":"bitmap","file":"betterhud:image_skill_background.png","ascent":-8409045,"height":24,"chars":["󎀠"]},{"type":"bitmap","file":"betterhud:image_fireball.png","ascent":-8409047,"height":20,"chars":["󎀡"]},{"type":"bitmap","file":"betterhud:image_out_of_mana.png","ascent":-8409045,"height":24,"chars":["󎀢"]},{"type":"bitmap","file":"betterhud:image_skill_background.png","ascent":-8409045,"height":24,"chars":["󎀣"]},{"type":"bitmap","file":"betterhud:image_fireball.png","ascent":-8409047,"height":20,"chars":["󎀤"]},{"type":"bitmap","file":"betterhud:image_out_of_mana.png","ascent":-8409045,"height":24,"chars":["󎀥"]},{"type":"bitmap","file":"betterhud:image_skill_background.png","ascent":-8409045,"height":24,"chars":["󎀦"]},{"type":"bitmap","file":"betterhud:image_fireball.png","ascent":-8409047,"height":20,"chars":["󎀧"]},{"type":"bitmap","file":"betterhud:image_out_of_mana.png","ascent":-8409045,"height":24,"chars":["󎀨"]},{"type":"bitmap","file":"betterhud:image_image_skill_cooldown_1.png","ascent":-8409045,"height":24,"chars":["󎀄"]},{"type":"bitmap","file":"betterhud:image_image_skill_cooldown_2.png","ascent":-8409045,"height":24,"chars":["󎀅"]},{"type":"bitmap","file":"betterhud:image_image_skill_cooldown_3.png","ascent":-8409045,"height":24,"chars":["󎀆"]},{"type":"bitmap","file":"betterhud:image_image_skill_cooldown_4.png","ascent":-8409045,"height":24,"chars":["󎀇"]},{"type":"bitmap","file":"betterhud:image_image_skill_cooldown_5.png","ascent":-8409045,"height":24,"chars":["󎀈"]},{"type":"bitmap","file":"betterhud:image_image_skill_cooldown_6.png","ascent":-8409045,"height":24,"chars":["󎀉"]},{"type":"bitmap","file":"betterhud:image_image_skill_cooldown_7.png","ascent":-8409045,"height":24,"chars":["󎀊"]},{"type":"bitmap","file":"betterhud:image_image_skill_cooldown_8.png","ascent":-8409045,"height":24,"chars":["󎀋"]},{"type":"bitmap","file":"betterhud:image_image_skill_cooldown_9.png","ascent":-8409045,"height":24,"chars":["󎀌"]},{"type":"bitmap","file":"betterhud:image_image_skill_cooldown_10.png","ascent":-8409045,"height":24,"chars":["󎀍"]},{"type":"bitmap","file":"betterhud:image_image_skill_cooldown_11.png","ascent":-8409045,"height":24,"chars":["󎀎"]},{"type":"bitmap","file":"betterhud:image_image_skill_cooldown_12.png","ascent":-8409045,"height":24,"chars":["󎀏"]},{"type":"bitmap","file":"betterhud:image_image_skill_cooldown_13.png","ascent":-8409045,"height":24,"chars":["󎀐"]},{"type":"bitmap","file":"betterhud:image_image_skill_cooldown_14.png","ascent":-8409045,"height":24,"chars":["󎀑"]},{"type":"bitmap","file":"betterhud:image_image_skill_cooldown_15.png","ascent":-8409045,"height":24,"chars":["󎀒"]},{"type":"bitmap","file":"betterhud:image_image_skill_cooldown_16.png","ascent":-8409045,"height":24,"chars":["󎀓"]},{"type":"bitmap","file":"betterhud:image_image_skill_cooldown_17.png","ascent":-8409045,"height":24,"chars":["󎀔"]},{"type":"bitmap","file":"betterhud:image_image_skill_cooldown_18.png","ascent":-8409045,"height":24,"chars":["󎀕"]},{"type":"bitmap","file":"betterhud:image_image_skill_cooldown_19.png","ascent":-8409045,"height":24,"chars":["󎀖"]},{"type":"bitmap","file":"betterhud:image_image_skill_cooldown_20.png","ascent":-8409045,"height":24,"chars":["󎀗"]},{"type":"bitmap","file":"betterhud:image_image_skill_cooldown_21.png","ascent":-8409045,"height":24,"chars":["󎀘"]},{"type":"bitmap","file":"betterhud:image_image_skill_cooldown_22.png","ascent":-8409045,"height":24,"chars":["󎀙"]},{"type":"bitmap","file":"betterhud:image_image_skill_cooldown_23.png","ascent":-8409045,"height":24,"chars":["󎀚"]},{"type":"bitmap","file":"betterhud:image_image_skill_cooldown_24.png","ascent":-8409045,"height":24,"chars":["󎀛"]},{"type":"bitmap","file":"betterhud:image_image_skill_cooldown_25.png","ascent":-8409045,"height":24,"chars":["󎀜"]}]}