{"sources":[{"source":"entity","prefix":"entity/","type":"directory"},{"pattern":{"namespace":"minecraft","path":"entity/fishing_hook"},"type":"filter"},{"type":"single","resource":"_iainternal:icons/icon_left_blue"},{"type":"single","resource":"_iainternal:icons/icon_cancel"},{"type":"single","resource":"modelengine:entity/firecrate"},{"type":"single","resource":"modelengine:entity/windcrate"},{"type":"single","resource":"modelengine:entity/earthcratefinal"},{"type":"single","resource":"_iainternal:icons/icon_search"},{"type":"single","resource":"_iainternal:icons/icon_next_orange"},{"type":"single","resource":"_iainternal:icons/icon_right_blue"},{"type":"single","resource":"_iainternal:icons/icon_back_orange"},{"type":"single","resource":"modelengine:entity/watercrate"},{"type":"single","resource":"_iainternal:icons/icon_arrow_chest"}]}