{"textures":{"0":"modelengine:entity/windcrate","particle":"#0"},"elements":[{"from":[7.3497477,5.850253,7.23],"to":[12.249747,11.4502535,8.7],"faces":{"east":{"uv":[5.875,7.625,6.0,8.125],"tintindex":0,"rotation":0,"texture":"#0"},"south":{"uv":[2.5625,6.75,2.125,7.25],"tintindex":0,"rotation":0,"texture":"#0"},"north":{"uv":[2.125,6.75,2.5625,7.25],"tintindex":0,"rotation":0,"texture":"#0"},"west":{"uv":[5.75,7.625,5.875,8.125],"tintindex":0,"rotation":0,"texture":"#0"},"up":{"uv":[8.0625,6.875,7.625,6.75],"tintindex":0,"rotation":180,"texture":"#0"},"down":{"uv":[3.4375,7.75,3.0,7.875],"tintindex":0,"rotation":180,"texture":"#0"}}},{"from":[10.479495,3.8000002,7.93],"to":[24.199493,14.72,7.93],"faces":{"south":{"uv":[10.1875,0.0625,8.9375,1.0625],"tintindex":0,"rotation":0,"texture":"#0"},"north":{"uv":[8.9375,0.0625,10.1875,1.0625],"tintindex":0,"rotation":0,"texture":"#0"}}},{"from":[13.279494,10.8,7.3],"to":[17.199493,14.72,8.63],"faces":{"east":{"uv":[0.0,7.875,0.125,8.25],"tintindex":0,"rotation":0,"texture":"#0"},"south":{"uv":[1.5,7.125,1.125,7.5],"tintindex":0,"rotation":0,"texture":"#0"},"north":{"uv":[1.125,7.125,1.5,7.5],"tintindex":0,"rotation":0,"texture":"#0"},"west":{"uv":[7.75,7.5,7.875,7.875],"tintindex":0,"rotation":0,"texture":"#0"},"up":{"uv":[8.125,5.25,7.75,5.125],"tintindex":0,"rotation":180,"texture":"#0"},"down":{"uv":[8.25,1.0,7.875,1.125],"tintindex":0,"rotation":180,"texture":"#0"}}},{"from":[9.449748,7.010051,7.265],"to":[16.449749,12.610051,8.665],"faces":{"east":{"uv":[4.0,7.625,4.125,8.125],"tintindex":0,"rotation":0,"texture":"#0"},"south":{"uv":[7.0,3.625,6.375,4.125],"tintindex":0,"rotation":0,"texture":"#0"},"north":{"uv":[6.375,3.625,7.0,4.125],"tintindex":0,"rotation":0,"texture":"#0"},"west":{"uv":[3.875,7.625,4.0,8.125],"tintindex":0,"rotation":0,"texture":"#0"},"up":{"uv":[8.125,6.0,7.5,5.875],"tintindex":0,"rotation":180,"texture":"#0"},"down":{"uv":[5.375,7.625,4.75,7.75],"tintindex":0,"rotation":180,"texture":"#0"}},"rotation":{"origin":[12.249747,9.81005,7.965],"angle":45.0,"axis":"z"}}],"display":{"head":{"rotation":[0.0,0.0,0.0]},"firstperson_righthand":{"rotation":[0.0,0.0,0.0]},"thirdperson_lefthand":{"rotation":[0.0,0.0,0.0]},"firstperson_lefthand":{"rotation":[0.0,0.0,0.0]},"fixed":{"rotation":[0.0,0.0,0.0]},"ground":{"rotation":[0.0,0.0,0.0]},"thirdperson_righthand":{"rotation":[0.0,0.0,0.0]},"gui":{"rotation":[-150.0,-45.0,180.0]}}}