{"textures":{"0":"modelengine:entity/windcrate","particle":"#0"},"elements":[{"from":[1.7724137,6.469655,0.95172405],"to":[14.372414,12.069654,3.7517242],"faces":{"east":{"uv":[5.5,7.125,5.75,7.625],"tintindex":0,"rotation":0,"texture":"#0"},"south":{"uv":[5.25,5.5,6.375,6.0],"tintindex":0,"rotation":0,"texture":"#0"},"north":{"uv":[5.75,0.0,6.875,0.5],"tintindex":0,"rotation":0,"texture":"#0"},"west":{"uv":[5.25,7.125,5.5,7.625],"tintindex":0,"rotation":0,"texture":"#0"},"up":{"uv":[7.5,5.75,6.375,5.5],"tintindex":0,"rotation":180,"texture":"#0"},"down":{"uv":[7.5,5.75,6.375,6.0],"tintindex":0,"rotation":180,"texture":"#0"}}},{"from":[-1.0275869,10.669655,14.951724],"to":[17.172413,12.069654,16.351723],"faces":{"east":{"uv":[8.0,6.625,8.125,6.75],"tintindex":0,"rotation":0,"texture":"#0"},"south":{"uv":[6.875,0.5,8.5,0.625],"tintindex":0,"rotation":0,"texture":"#0"},"north":{"uv":[6.875,0.625,8.5,0.75],"tintindex":0,"rotation":0,"texture":"#0"},"west":{"uv":[6.625,8.0,6.75,8.125],"tintindex":0,"rotation":0,"texture":"#0"},"up":{"uv":[8.5,0.875,6.875,0.75],"tintindex":0,"rotation":180,"texture":"#0"},"down":{"uv":[8.5,0.875,6.875,1.0],"tintindex":0,"rotation":180,"texture":"#0"}}},{"from":[-1.0275869,6.469655,0.95172405],"to":[1.7724137,12.069654,14.951724],"faces":{"east":{"uv":[4.0,5.5,5.25,6.0],"tintindex":0,"rotation":0,"texture":"#0"},"south":{"uv":[2.125,7.25,2.375,7.75],"tintindex":0,"rotation":0,"texture":"#0"},"north":{"uv":[2.375,7.25,2.625,7.75],"tintindex":0,"rotation":0,"texture":"#0"},"west":{"uv":[2.75,5.25,1.5,5.75],"tintindex":0,"rotation":0,"texture":"#0"},"up":{"uv":[5.0,7.625,4.75,6.375],"tintindex":0,"rotation":180,"texture":"#0"},"down":{"uv":[5.25,6.375,5.0,7.625],"tintindex":0,"rotation":180,"texture":"#0"}}},{"from":[-2.777587,4.369655,13.201724],"to":[0.722414,7.1696553,16.701725],"faces":{"east":{"uv":[7.625,6.25,7.9375,6.5],"tintindex":0,"rotation":0,"texture":"#0"},"south":{"uv":[7.625,6.5,7.9375,6.75],"tintindex":0,"rotation":0,"texture":"#0"},"north":{"uv":[7.625,6.0,7.9375,6.25],"tintindex":0,"rotation":0,"texture":"#0"},"west":{"uv":[6.625,7.625,6.9375,7.875],"tintindex":0,"rotation":0,"texture":"#0"},"up":{"uv":[7.5,3.125,7.8125,3.4375],"tintindex":0,"rotation":180,"texture":"#0"},"down":{"uv":[7.5,3.8125,7.8125,3.5],"tintindex":0,"rotation":180,"texture":"#0"}}},{"from":[15.422414,4.369655,-0.79827595],"to":[18.922413,7.1696553,2.701724],"faces":{"east":{"uv":[6.625,7.625,6.9375,7.875],"tintindex":0,"rotation":0,"texture":"#0"},"south":{"uv":[7.625,6.0,7.9375,6.25],"tintindex":0,"rotation":0,"texture":"#0"},"north":{"uv":[7.625,6.5,7.9375,6.75],"tintindex":0,"rotation":0,"texture":"#0"},"west":{"uv":[7.625,6.25,7.9375,6.5],"tintindex":0,"rotation":0,"texture":"#0"},"up":{"uv":[7.8125,3.4375,7.5,3.125],"tintindex":0,"rotation":180,"texture":"#0"},"down":{"uv":[7.8125,3.5,7.5,3.8125],"tintindex":0,"rotation":180,"texture":"#0"}}},{"from":[1.7724137,6.469655,3.7517242],"to":[14.372414,10.669655,12.151724],"faces":{"east":{"uv":[6.5,6.5,7.25,6.875],"tintindex":0,"rotation":0,"texture":"#0"},"south":{"uv":[5.75,4.125,6.875,4.5],"tintindex":0,"rotation":0,"texture":"#0"},"north":{"uv":[4.25,6.0,5.375,6.375],"tintindex":0,"rotation":0,"texture":"#0"},"west":{"uv":[5.25,6.5,6.0,6.875],"tintindex":0,"rotation":0,"texture":"#0"},"up":{"uv":[6.25,2.875,5.125,2.125],"tintindex":0,"rotation":180,"texture":"#0"},"down":{"uv":[6.25,4.75,5.125,5.5],"tintindex":0,"rotation":180,"texture":"#0"}}},{"from":[-2.777587,0.86965513,-0.79827595],"to":[0.722414,3.6696548,2.701724],"faces":{"east":{"uv":[1.1875,7.75,0.875,8.0],"tintindex":0,"rotation":0,"texture":"#0"},"south":{"uv":[7.3125,7.625,7.0,7.875],"tintindex":0,"rotation":0,"texture":"#0"},"north":{"uv":[1.5625,7.75,1.25,8.0],"tintindex":0,"rotation":0,"texture":"#0"},"west":{"uv":[2.1875,7.75,1.875,8.0],"tintindex":0,"rotation":0,"texture":"#0"},"up":{"uv":[7.5,4.4375,7.8125,4.125],"tintindex":0,"rotation":180,"texture":"#0"},"down":{"uv":[7.5,5.5,7.8125,5.8125],"tintindex":0,"rotation":180,"texture":"#0"}}},{"from":[14.372414,6.469655,0.95172405],"to":[17.172413,12.069654,14.951724],"faces":{"east":{"uv":[1.5,5.25,2.75,5.75],"tintindex":0,"rotation":0,"texture":"#0"},"south":{"uv":[6.875,7.125,7.125,7.625],"tintindex":0,"rotation":0,"texture":"#0"},"north":{"uv":[7.125,7.125,7.375,7.625],"tintindex":0,"rotation":0,"texture":"#0"},"west":{"uv":[5.125,2.875,6.375,3.375],"tintindex":0,"rotation":0,"texture":"#0"},"up":{"uv":[4.5,7.625,4.25,6.375],"tintindex":0,"rotation":180,"texture":"#0"},"down":{"uv":[4.75,6.375,4.5,7.625],"tintindex":0,"rotation":180,"texture":"#0"}}},{"from":[-2.777587,4.369655,-0.79827595],"to":[0.722414,7.1696553,2.701724],"faces":{"east":{"uv":[7.9375,6.25,7.625,6.5],"tintindex":0,"rotation":0,"texture":"#0"},"south":{"uv":[7.9375,6.0,7.625,6.25],"tintindex":0,"rotation":0,"texture":"#0"},"north":{"uv":[7.9375,6.5,7.625,6.75],"tintindex":0,"rotation":0,"texture":"#0"},"west":{"uv":[6.9375,7.625,6.625,7.875],"tintindex":0,"rotation":0,"texture":"#0"},"up":{"uv":[7.5,3.4375,7.8125,3.125],"tintindex":0,"rotation":180,"texture":"#0"},"down":{"uv":[7.5,3.5,7.8125,3.8125],"tintindex":0,"rotation":180,"texture":"#0"}}},{"from":[-2.777587,9.269655,13.201724],"to":[0.722414,12.209656,16.701725],"faces":{"east":{"uv":[1.5,5.0,1.8125,5.25],"tintindex":0,"rotation":0,"texture":"#0"},"south":{"uv":[2.375,5.75,2.6875,6.0],"tintindex":0,"rotation":0,"texture":"#0"},"north":{"uv":[3.5,4.5,3.8125,4.75],"tintindex":0,"rotation":0,"texture":"#0"},"west":{"uv":[5.375,7.625,5.6875,7.875],"tintindex":0,"rotation":0,"texture":"#0"},"up":{"uv":[0.0,7.5,0.3125,7.8125],"tintindex":0,"rotation":180,"texture":"#0"},"down":{"uv":[7.5,3.0625,7.8125,2.75],"tintindex":0,"rotation":180,"texture":"#0"}}},{"from":[3.1724138,10.669655,5.151724],"to":[5.972414,12.069654,7.951724],"faces":{"east":{"uv":[6.875,7.875,7.125,8.0],"tintindex":0,"rotation":0,"texture":"#0"},"south":{"uv":[7.875,5.75,8.125,5.875],"tintindex":0,"rotation":0,"texture":"#0"},"north":{"uv":[6.625,7.875,6.875,8.0],"tintindex":0,"rotation":0,"texture":"#0"},"west":{"uv":[6.25,7.875,6.5,8.0],"tintindex":0,"rotation":0,"texture":"#0"},"up":{"uv":[6.5,7.875,6.25,7.625],"tintindex":0,"rotation":180,"texture":"#0"},"down":{"uv":[2.5,7.75,2.25,8.0],"tintindex":0,"rotation":180,"texture":"#0"}}},{"from":[17.172413,10.669655,-0.44827557],"to":[18.572414,12.069654,16.351723],"faces":{"east":{"uv":[6.875,5.25,8.375,5.375],"tintindex":0,"rotation":0,"texture":"#0"},"south":{"uv":[6.75,8.0,6.875,8.125],"tintindex":0,"rotation":0,"texture":"#0"},"north":{"uv":[6.875,8.0,7.0,8.125],"tintindex":0,"rotation":0,"texture":"#0"},"west":{"uv":[6.875,2.5,8.375,2.625],"tintindex":0,"rotation":0,"texture":"#0"},"up":{"uv":[0.875,8.125,0.75,6.625],"tintindex":0,"rotation":180,"texture":"#0"},"down":{"uv":[4.25,6.875,4.125,8.375],"tintindex":0,"rotation":180,"texture":"#0"}}},{"from":[15.422414,9.269655,13.201724],"to":[18.922413,12.209656,16.701725],"faces":{"east":{"uv":[5.6875,7.625,5.375,7.875],"tintindex":0,"rotation":0,"texture":"#0"},"south":{"uv":[2.6875,5.75,2.375,6.0],"tintindex":0,"rotation":0,"texture":"#0"},"north":{"uv":[3.8125,4.5,3.5,4.75],"tintindex":0,"rotation":0,"texture":"#0"},"west":{"uv":[1.8125,5.0,1.5,5.25],"tintindex":0,"rotation":0,"texture":"#0"},"up":{"uv":[0.3125,7.5,0.0,7.8125],"tintindex":0,"rotation":180,"texture":"#0"},"down":{"uv":[7.8125,3.0625,7.5,2.75],"tintindex":0,"rotation":180,"texture":"#0"}}},{"from":[-1.0275869,10.669655,-0.44827557],"to":[17.172413,12.069654,0.95172405],"faces":{"east":{"uv":[8.0,6.5,8.125,6.625],"tintindex":0,"rotation":0,"texture":"#0"},"south":{"uv":[2.625,6.75,4.25,6.875],"tintindex":0,"rotation":0,"texture":"#0"},"north":{"uv":[6.875,0.125,8.5,0.25],"tintindex":0,"rotation":0,"texture":"#0"},"west":{"uv":[8.0,6.375,8.125,6.5],"tintindex":0,"rotation":0,"texture":"#0"},"up":{"uv":[8.5,0.375,6.875,0.25],"tintindex":0,"rotation":180,"texture":"#0"},"down":{"uv":[8.5,0.375,6.875,0.5],"tintindex":0,"rotation":180,"texture":"#0"}}},{"from":[-2.777587,9.269655,-0.79827595],"to":[0.722414,12.209656,2.701724],"faces":{"east":{"uv":[1.8125,5.0,1.5,5.25],"tintindex":0,"rotation":0,"texture":"#0"},"south":{"uv":[3.8125,4.5,3.5,4.75],"tintindex":0,"rotation":0,"texture":"#0"},"north":{"uv":[2.6875,5.75,2.375,6.0],"tintindex":0,"rotation":0,"texture":"#0"},"west":{"uv":[5.6875,7.625,5.375,7.875],"tintindex":0,"rotation":0,"texture":"#0"},"up":{"uv":[0.0,7.8125,0.3125,7.5],"tintindex":0,"rotation":180,"texture":"#0"},"down":{"uv":[7.5,2.75,7.8125,3.0625],"tintindex":0,"rotation":180,"texture":"#0"}}},{"from":[-2.4275866,3.6696548,-0.44827557],"to":[0.3724141,9.269655,2.3517241],"faces":{"east":{"uv":[3.125,7.25,2.875,7.75],"tintindex":0,"rotation":0,"texture":"#0"},"south":{"uv":[2.875,7.25,2.625,7.75],"tintindex":0,"rotation":0,"texture":"#0"},"north":{"uv":[3.375,7.25,3.125,7.75],"tintindex":0,"rotation":0,"texture":"#0"},"west":{"uv":[3.625,7.25,3.375,7.75],"tintindex":0,"rotation":0,"texture":"#0"},"up":{"uv":[2.5,8.0,2.75,7.75],"tintindex":0,"rotation":180,"texture":"#0"},"down":{"uv":[2.75,7.75,3.0,8.0],"tintindex":0,"rotation":180,"texture":"#0"}}},{"from":[1.7724137,6.469655,12.151724],"to":[14.372414,12.069654,14.951724],"faces":{"east":{"uv":[6.625,7.125,6.875,7.625],"tintindex":0,"rotation":0,"texture":"#0"},"south":{"uv":[5.75,0.0,6.875,0.5],"tintindex":0,"rotation":0,"texture":"#0"},"north":{"uv":[5.75,0.5,6.875,1.0],"tintindex":0,"rotation":0,"texture":"#0"},"west":{"uv":[5.75,7.125,6.0,7.625],"tintindex":0,"rotation":0,"texture":"#0"},"up":{"uv":[7.625,6.25,6.5,6.0],"tintindex":0,"rotation":180,"texture":"#0"},"down":{"uv":[7.625,6.25,6.5,6.5],"tintindex":0,"rotation":180,"texture":"#0"}}},{"from":[15.772413,3.6696548,13.5517235],"to":[18.572414,9.269655,16.351723],"faces":{"east":{"uv":[3.625,7.25,3.375,7.75],"tintindex":0,"rotation":0,"texture":"#0"},"south":{"uv":[3.375,7.25,3.125,7.75],"tintindex":0,"rotation":0,"texture":"#0"},"north":{"uv":[2.875,7.25,2.625,7.75],"tintindex":0,"rotation":0,"texture":"#0"},"west":{"uv":[3.125,7.25,2.875,7.75],"tintindex":0,"rotation":0,"texture":"#0"},"up":{"uv":[2.75,7.75,2.5,8.0],"tintindex":0,"rotation":180,"texture":"#0"},"down":{"uv":[3.0,8.0,2.75,7.75],"tintindex":0,"rotation":180,"texture":"#0"}}},{"from":[15.422414,0.86965513,-0.79827595],"to":[18.922413,3.6696548,2.701724],"faces":{"east":{"uv":[1.875,7.75,2.1875,8.0],"tintindex":0,"rotation":0,"texture":"#0"},"south":{"uv":[7.0,7.625,7.3125,7.875],"tintindex":0,"rotation":0,"texture":"#0"},"north":{"uv":[1.25,7.75,1.5625,8.0],"tintindex":0,"rotation":0,"texture":"#0"},"west":{"uv":[0.875,7.75,1.1875,8.0],"tintindex":0,"rotation":0,"texture":"#0"},"up":{"uv":[7.8125,4.4375,7.5,4.125],"tintindex":0,"rotation":180,"texture":"#0"},"down":{"uv":[7.8125,5.5,7.5,5.8125],"tintindex":0,"rotation":180,"texture":"#0"}}},{"from":[15.422414,0.86965513,13.201724],"to":[18.922413,3.6696548,16.701725],"faces":{"east":{"uv":[2.1875,7.75,1.875,8.0],"tintindex":0,"rotation":0,"texture":"#0"},"south":{"uv":[1.5625,7.75,1.25,8.0],"tintindex":0,"rotation":0,"texture":"#0"},"north":{"uv":[7.3125,7.625,7.0,7.875],"tintindex":0,"rotation":0,"texture":"#0"},"west":{"uv":[1.1875,7.75,0.875,8.0],"tintindex":0,"rotation":0,"texture":"#0"},"up":{"uv":[7.8125,4.125,7.5,4.4375],"tintindex":0,"rotation":180,"texture":"#0"},"down":{"uv":[7.8125,5.8125,7.5,5.5],"tintindex":0,"rotation":180,"texture":"#0"}}},{"from":[15.772413,3.6696548,-0.44827557],"to":[18.572414,9.269655,2.3517241],"faces":{"east":{"uv":[3.375,7.25,3.625,7.75],"tintindex":0,"rotation":0,"texture":"#0"},"south":{"uv":[2.625,7.25,2.875,7.75],"tintindex":0,"rotation":0,"texture":"#0"},"north":{"uv":[3.125,7.25,3.375,7.75],"tintindex":0,"rotation":0,"texture":"#0"},"west":{"uv":[2.875,7.25,3.125,7.75],"tintindex":0,"rotation":0,"texture":"#0"},"up":{"uv":[2.75,8.0,2.5,7.75],"tintindex":0,"rotation":180,"texture":"#0"},"down":{"uv":[3.0,7.75,2.75,8.0],"tintindex":0,"rotation":180,"texture":"#0"}}},{"from":[15.422414,4.369655,13.201724],"to":[18.922413,7.1696553,16.701725],"faces":{"east":{"uv":[6.9375,7.625,6.625,7.875],"tintindex":0,"rotation":0,"texture":"#0"},"south":{"uv":[7.9375,6.5,7.625,6.75],"tintindex":0,"rotation":0,"texture":"#0"},"north":{"uv":[7.9375,6.0,7.625,6.25],"tintindex":0,"rotation":0,"texture":"#0"},"west":{"uv":[7.9375,6.25,7.625,6.5],"tintindex":0,"rotation":0,"texture":"#0"},"up":{"uv":[7.8125,3.125,7.5,3.4375],"tintindex":0,"rotation":180,"texture":"#0"},"down":{"uv":[7.8125,3.8125,7.5,3.5],"tintindex":0,"rotation":180,"texture":"#0"}}},{"from":[8.772414,10.669655,6.5517244],"to":[12.972414,12.069654,10.751724],"faces":{"east":{"uv":[7.875,2.75,8.25,2.875],"tintindex":0,"rotation":0,"texture":"#0"},"south":{"uv":[7.875,1.125,8.25,1.25],"tintindex":0,"rotation":0,"texture":"#0"},"north":{"uv":[7.875,1.375,8.25,1.5],"tintindex":0,"rotation":0,"texture":"#0"},"west":{"uv":[7.875,1.25,8.25,1.375],"tintindex":0,"rotation":0,"texture":"#0"},"up":{"uv":[7.5,3.5,7.125,3.125],"tintindex":0,"rotation":180,"texture":"#0"},"down":{"uv":[7.5,3.5,7.125,3.875],"tintindex":0,"rotation":180,"texture":"#0"}}},{"from":[15.422414,9.269655,-0.79827595],"to":[18.922413,12.209656,2.701724],"faces":{"east":{"uv":[5.375,7.625,5.6875,7.875],"tintindex":0,"rotation":0,"texture":"#0"},"south":{"uv":[3.5,4.5,3.8125,4.75],"tintindex":0,"rotation":0,"texture":"#0"},"north":{"uv":[2.375,5.75,2.6875,6.0],"tintindex":0,"rotation":0,"texture":"#0"},"west":{"uv":[1.5,5.0,1.8125,5.25],"tintindex":0,"rotation":0,"texture":"#0"},"up":{"uv":[0.3125,7.8125,0.0,7.5],"tintindex":0,"rotation":180,"texture":"#0"},"down":{"uv":[7.8125,2.75,7.5,3.0625],"tintindex":0,"rotation":180,"texture":"#0"}}},{"from":[5.972414,10.669655,9.351725],"to":[7.3724136,12.069654,10.751724],"faces":{"east":{"uv":[6.25,8.0,6.375,8.125],"tintindex":0,"rotation":0,"texture":"#0"},"south":{"uv":[5.0,8.0,5.125,8.125],"tintindex":0,"rotation":0,"texture":"#0"},"north":{"uv":[8.0,6.125,8.125,6.25],"tintindex":0,"rotation":0,"texture":"#0"},"west":{"uv":[8.0,6.0,8.125,6.125],"tintindex":0,"rotation":0,"texture":"#0"},"up":{"uv":[8.125,6.375,8.0,6.25],"tintindex":0,"rotation":180,"texture":"#0"},"down":{"uv":[6.5,8.0,6.375,8.125],"tintindex":0,"rotation":180,"texture":"#0"}}},{"from":[-2.4275866,3.6696548,13.5517235],"to":[0.3724141,9.269655,16.351723],"faces":{"east":{"uv":[2.875,7.25,3.125,7.75],"tintindex":0,"rotation":0,"texture":"#0"},"south":{"uv":[3.125,7.25,3.375,7.75],"tintindex":0,"rotation":0,"texture":"#0"},"north":{"uv":[2.625,7.25,2.875,7.75],"tintindex":0,"rotation":0,"texture":"#0"},"west":{"uv":[3.375,7.25,3.625,7.75],"tintindex":0,"rotation":0,"texture":"#0"},"up":{"uv":[2.5,7.75,2.75,8.0],"tintindex":0,"rotation":180,"texture":"#0"},"down":{"uv":[2.75,8.0,3.0,7.75],"tintindex":0,"rotation":180,"texture":"#0"}}},{"from":[-2.0775862,5.069655,-0.09827614],"to":[18.222412,6.469655,16.001724],"faces":{"east":{"uv":[7.125,2.625,8.5625,2.75],"tintindex":0,"rotation":0,"texture":"#0"},"south":{"uv":[6.625,1.75,8.4375,1.875],"tintindex":0,"rotation":0,"texture":"#0"},"north":{"uv":[6.625,1.875,8.4375,2.0],"tintindex":0,"rotation":0,"texture":"#0"},"west":{"uv":[6.625,7.0,8.0625,7.125],"tintindex":0,"rotation":0,"texture":"#0"},"up":{"uv":[3.8125,4.4375,2.0,3.0],"tintindex":0,"rotation":180,"texture":"#0"},"down":{"uv":[1.8125,3.5,0.0,4.9375],"tintindex":0,"rotation":180,"texture":"#0"}}},{"from":[-2.4275866,10.669655,-0.44827557],"to":[-1.0275869,12.069654,16.351723],"faces":{"east":{"uv":[6.5,6.875,8.0,7.0],"tintindex":0,"rotation":0,"texture":"#0"},"south":{"uv":[8.0,6.875,8.125,7.0],"tintindex":0,"rotation":0,"texture":"#0"},"north":{"uv":[7.0,8.0,7.125,8.125],"tintindex":0,"rotation":0,"texture":"#0"},"west":{"uv":[6.875,5.375,8.375,5.5],"tintindex":0,"rotation":0,"texture":"#0"},"up":{"uv":[7.125,4.125,7.0,2.625],"tintindex":0,"rotation":180,"texture":"#0"},"down":{"uv":[6.625,7.0,6.5,8.5],"tintindex":0,"rotation":180,"texture":"#0"}}},{"from":[-2.777587,0.86965513,13.201724],"to":[0.722414,3.6696548,16.701725],"faces":{"east":{"uv":[0.875,7.75,1.1875,8.0],"tintindex":0,"rotation":0,"texture":"#0"},"south":{"uv":[1.25,7.75,1.5625,8.0],"tintindex":0,"rotation":0,"texture":"#0"},"north":{"uv":[7.0,7.625,7.3125,7.875],"tintindex":0,"rotation":0,"texture":"#0"},"west":{"uv":[1.875,7.75,2.1875,8.0],"tintindex":0,"rotation":0,"texture":"#0"},"up":{"uv":[7.5,4.125,7.8125,4.4375],"tintindex":0,"rotation":180,"texture":"#0"},"down":{"uv":[7.5,5.8125,7.8125,5.5],"tintindex":0,"rotation":180,"texture":"#0"}}}],"display":{"head":{"rotation":[0.0,0.0,0.0]},"firstperson_righthand":{"rotation":[0.0,0.0,0.0]},"thirdperson_lefthand":{"rotation":[0.0,0.0,0.0]},"firstperson_lefthand":{"rotation":[0.0,0.0,0.0]},"fixed":{"rotation":[0.0,0.0,0.0]},"ground":{"rotation":[0.0,0.0,0.0]},"thirdperson_righthand":{"rotation":[0.0,0.0,0.0]},"gui":{"rotation":[-150.0,-45.0,180.0]}}}