{"textures":{"0":"modelengine:entity/windcrate","particle":"#0"},"elements":[{"from":[4.5,2.4,8.0],"to":[11.5,8.0,8.0],"faces":{"south":{"uv":[9.4375,2.0,8.8125,2.5],"tintindex":0,"rotation":0,"texture":"#0"},"north":{"uv":[8.8125,2.0,9.4375,2.5],"tintindex":0,"rotation":0,"texture":"#0"}}}],"display":{"head":{"rotation":[0.0,0.0,0.0]},"firstperson_righthand":{"rotation":[0.0,0.0,0.0]},"thirdperson_lefthand":{"rotation":[0.0,0.0,0.0]},"firstperson_lefthand":{"rotation":[0.0,0.0,0.0]},"fixed":{"rotation":[0.0,0.0,0.0]},"ground":{"rotation":[0.0,0.0,0.0]},"thirdperson_righthand":{"rotation":[0.0,0.0,0.0]},"gui":{"rotation":[-150.0,-45.0,180.0]}}}