{"textures":{"0":"modelengine:entity/earthcratefinal","particle":"#0"},"elements":[{"from":[6.6000004,6.6,6.6],"to":[9.4,10.45,9.4],"faces":{"east":{"uv":[12.0,2.8,12.400001,3.3],"tintindex":0,"rotation":0,"texture":"#0"},"south":{"uv":[12.0,3.8,12.400001,4.3],"tintindex":0,"rotation":0,"texture":"#0"},"north":{"uv":[2.8,12.0,3.2,12.5],"tintindex":0,"rotation":0,"texture":"#0"},"west":{"uv":[5.0,12.0,5.4,12.5],"tintindex":0,"rotation":0,"texture":"#0"},"up":{"uv":[2.2,6.8,1.8000001,6.4],"tintindex":0,"rotation":0,"texture":"#0"},"down":{"uv":[7.6,10.2,7.2000003,10.6],"tintindex":0,"rotation":0,"texture":"#0"}}}],"display":{"head":{"rotation":[0.0,0.0,0.0]},"firstperson_righthand":{"rotation":[0.0,0.0,0.0]},"thirdperson_lefthand":{"rotation":[0.0,0.0,0.0]},"firstperson_lefthand":{"rotation":[0.0,0.0,0.0]},"fixed":{"rotation":[0.0,0.0,0.0]},"ground":{"rotation":[0.0,0.0,0.0]},"thirdperson_righthand":{"rotation":[0.0,0.0,0.0]},"gui":{"rotation":[-150.0,-45.0,180.0]}}}