{"textures":{"0":"modelengine:entity/earthcratefinal","particle":"#0"},"elements":[{"from":[5.4700737,8.153208,5.871163],"to":[10.370074,10.953207,10.771163],"faces":{"east":{"uv":[12.3,0.4,11.6,0.8],"tintindex":0,"rotation":0,"texture":"#0"},"south":{"uv":[12.3,0.0,11.6,0.4],"tintindex":0,"rotation":0,"texture":"#0"},"north":{"uv":[12.1,11.400001,11.400001,11.8],"tintindex":0,"rotation":0,"texture":"#0"},"west":{"uv":[0.7,11.6,0.0,12.0],"tintindex":0,"rotation":0,"texture":"#0"},"up":{"uv":[9.8,4.7000003,10.5,4.0],"tintindex":0,"rotation":0,"texture":"#0"},"down":{"uv":[7.6,9.8,8.3,10.5],"tintindex":0,"rotation":0,"texture":"#0"}}},{"from":[5.820074,5.3532076,6.2211633],"to":[10.020074,9.553207,10.421163],"faces":{"east":{"uv":[10.2,10.400001,9.6,11.0],"tintindex":0,"rotation":0,"texture":"#0"},"south":{"uv":[11.0,2.4,10.400001,3.0],"tintindex":0,"rotation":0,"texture":"#0"},"north":{"uv":[2.8,4.8,2.2,5.4],"tintindex":0,"rotation":0,"texture":"#0"},"west":{"uv":[7.2000003,10.2,6.6,10.8],"tintindex":0,"rotation":0,"texture":"#0"},"up":{"uv":[10.2,11.0,10.8,10.400001],"tintindex":0,"rotation":0,"texture":"#0"},"down":{"uv":[10.6,0.4,11.2,1.0],"tintindex":0,"rotation":0,"texture":"#0"}}}],"display":{"head":{"rotation":[0.0,0.0,0.0]},"firstperson_righthand":{"rotation":[0.0,0.0,0.0]},"thirdperson_lefthand":{"rotation":[0.0,0.0,0.0]},"firstperson_lefthand":{"rotation":[0.0,0.0,0.0]},"fixed":{"rotation":[0.0,0.0,0.0]},"ground":{"rotation":[0.0,0.0,0.0]},"thirdperson_righthand":{"rotation":[0.0,0.0,0.0]},"gui":{"rotation":[-150.0,-45.0,180.0]}}}