{"textures":{"0":"modelengine:entity/earthcratefinal","particle":"#0"},"elements":[{"from":[5.6299257,8.153208,5.228837],"to":[10.529926,10.953207,10.128838],"faces":{"east":{"uv":[0.7,11.6,0.0,12.0],"tintindex":0,"rotation":0,"texture":"#0"},"south":{"uv":[12.1,11.400001,11.400001,11.8],"tintindex":0,"rotation":0,"texture":"#0"},"north":{"uv":[12.3,0.0,11.6,0.4],"tintindex":0,"rotation":0,"texture":"#0"},"west":{"uv":[12.3,0.4,11.6,0.8],"tintindex":0,"rotation":0,"texture":"#0"},"up":{"uv":[10.5,4.0,9.8,4.7000003],"tintindex":0,"rotation":0,"texture":"#0"},"down":{"uv":[8.3,10.5,7.6,9.8],"tintindex":0,"rotation":0,"texture":"#0"}}},{"from":[5.979926,5.3532076,5.5788374],"to":[10.179926,9.553207,9.778837],"faces":{"east":{"uv":[7.2000003,10.2,6.6,10.8],"tintindex":0,"rotation":0,"texture":"#0"},"south":{"uv":[2.8,4.8,2.2,5.4],"tintindex":0,"rotation":0,"texture":"#0"},"north":{"uv":[11.0,2.4,10.400001,3.0],"tintindex":0,"rotation":0,"texture":"#0"},"west":{"uv":[10.2,10.400001,9.6,11.0],"tintindex":0,"rotation":0,"texture":"#0"},"up":{"uv":[10.8,10.400001,10.2,11.0],"tintindex":0,"rotation":0,"texture":"#0"},"down":{"uv":[11.2,1.0,10.6,0.4],"tintindex":0,"rotation":0,"texture":"#0"}}}],"display":{"head":{"rotation":[0.0,0.0,0.0]},"firstperson_righthand":{"rotation":[0.0,0.0,0.0]},"thirdperson_lefthand":{"rotation":[0.0,0.0,0.0]},"firstperson_lefthand":{"rotation":[0.0,0.0,0.0]},"fixed":{"rotation":[0.0,0.0,0.0]},"ground":{"rotation":[0.0,0.0,0.0]},"thirdperson_righthand":{"rotation":[0.0,0.0,0.0]},"gui":{"rotation":[-150.0,-45.0,180.0]}}}