{"textures":{"0":"modelengine:entity/earthcratefinal","particle":"#0"},"elements":[{"from":[1.8235292,5.117109,0.9176469],"to":[14.42353,10.717109,3.717647],"faces":{"east":{"uv":[11.2,0.0,11.6,0.8],"tintindex":0,"rotation":0,"texture":"#0"},"south":{"uv":[7.4,6.0,9.2,6.8],"tintindex":0,"rotation":0,"texture":"#0"},"north":{"uv":[0.0,7.6,1.8000001,8.400001],"tintindex":0,"rotation":0,"texture":"#0"},"west":{"uv":[1.2,11.0,1.6,11.8],"tintindex":0,"rotation":0,"texture":"#0"},"up":{"uv":[10.6,7.8,8.8,7.4],"tintindex":0,"rotation":180,"texture":"#0"},"down":{"uv":[3.4,9.0,1.6,9.400001],"tintindex":0,"rotation":180,"texture":"#0"}}},{"from":[-0.97647095,9.317109,14.917646],"to":[17.22353,10.717109,16.317646],"faces":{"east":{"uv":[12.2,12.2,12.400001,12.400001],"tintindex":0,"rotation":0,"texture":"#0"},"south":{"uv":[9.6,7.0,12.2,7.2000003],"tintindex":0,"rotation":0,"texture":"#0"},"north":{"uv":[9.6,7.2000003,12.2,7.4],"tintindex":0,"rotation":0,"texture":"#0"},"west":{"uv":[12.2,12.0,12.400001,12.2],"tintindex":0,"rotation":0,"texture":"#0"},"up":{"uv":[12.400001,1.4,9.8,1.2],"tintindex":0,"rotation":180,"texture":"#0"},"down":{"uv":[12.400001,1.4,9.8,1.6],"tintindex":0,"rotation":180,"texture":"#0"}}},{"from":[3.2235293,9.317109,5.117647],"to":[6.0235295,10.717109,7.917647],"faces":{"east":{"uv":[12.2,9.400001,12.6,9.6],"tintindex":0,"rotation":0,"texture":"#0"},"south":{"uv":[8.400001,7.4,8.8,7.6],"tintindex":0,"rotation":0,"texture":"#0"},"north":{"uv":[9.400001,12.2,9.8,12.400001],"tintindex":0,"rotation":0,"texture":"#0"},"west":{"uv":[11.8,0.8,12.2,1.0],"tintindex":0,"rotation":0,"texture":"#0"},"up":{"uv":[5.8,12.400001,5.4,12.0],"tintindex":0,"rotation":180,"texture":"#0"},"down":{"uv":[6.2000003,12.0,5.8,12.400001],"tintindex":0,"rotation":180,"texture":"#0"}}},{"from":[-0.97647095,5.117109,0.9176469],"to":[1.8235292,10.717109,14.917646],"faces":{"east":{"uv":[3.8,6.8,1.8000001,7.6],"tintindex":0,"rotation":0,"texture":"#0"},"south":{"uv":[2.8,11.2,2.4,12.0],"tintindex":0,"rotation":0,"texture":"#0"},"north":{"uv":[3.2,11.2,2.8,12.0],"tintindex":0,"rotation":0,"texture":"#0"},"west":{"uv":[5.8,6.8,3.8,7.6],"tintindex":0,"rotation":0,"texture":"#0"},"up":{"uv":[0.0,11.0,0.4,9.0],"tintindex":0,"rotation":180,"texture":"#0"},"down":{"uv":[0.4,9.0,0.8,11.0],"tintindex":0,"rotation":180,"texture":"#0"}}},{"from":[17.22353,9.317109,-0.48235226],"to":[18.62353,10.717109,16.317646],"faces":{"east":{"uv":[9.8,5.0,12.2,5.2000003],"tintindex":0,"rotation":0,"texture":"#0"},"south":{"uv":[12.400001,0.0,12.6,0.2],"tintindex":0,"rotation":0,"texture":"#0"},"north":{"uv":[12.400001,0.2,12.6,0.4],"tintindex":0,"rotation":0,"texture":"#0"},"west":{"uv":[9.8,4.8,12.2,5.0],"tintindex":0,"rotation":0,"texture":"#0"},"up":{"uv":[8.6,12.2,8.400001,9.8],"tintindex":0,"rotation":180,"texture":"#0"},"down":{"uv":[8.8,9.8,8.6,12.2],"tintindex":0,"rotation":180,"texture":"#0"}}},{"from":[-2.9958153,3.3116293,2.317647],"to":[1.2041845,7.5116296,13.517647],"faces":{"east":{"uv":[10.0,1.6,8.400001,2.2],"tintindex":0,"rotation":0,"texture":"#0"},"south":{"uv":[5.6,10.6,5.0,11.2],"tintindex":0,"rotation":0,"texture":"#0"},"north":{"uv":[6.2000003,10.6,5.6,11.2],"tintindex":0,"rotation":0,"texture":"#0"},"west":{"uv":[3.4,8.400001,1.8000001,9.0],"tintindex":0,"rotation":0,"texture":"#0"},"up":{"uv":[3.4,10.0,4.0,8.400001],"tintindex":0,"rotation":180,"texture":"#0"},"down":{"uv":[4.0,8.400001,4.6,10.0],"tintindex":0,"rotation":180,"texture":"#0"}},"rotation":{"origin":[-0.89581585,6.4616294,7.917647],"angle":45.0,"axis":"z"}},{"from":[-0.97647095,9.317109,-0.48235226],"to":[17.22353,10.717109,0.9176469],"faces":{"east":{"uv":[11.6,12.2,11.8,12.400001],"tintindex":0,"rotation":0,"texture":"#0"},"south":{"uv":[8.6,3.8,11.2,4.0],"tintindex":0,"rotation":0,"texture":"#0"},"north":{"uv":[9.2,3.4,11.8,3.6000001],"tintindex":0,"rotation":0,"texture":"#0"},"west":{"uv":[10.400001,12.2,10.6,12.400001],"tintindex":0,"rotation":0,"texture":"#0"},"up":{"uv":[11.8,3.8,9.2,3.6000001],"tintindex":0,"rotation":180,"texture":"#0"},"down":{"uv":[12.2,6.8,9.6,7.0],"tintindex":0,"rotation":180,"texture":"#0"}}},{"from":[1.8235292,5.117109,12.117647],"to":[14.42353,10.717109,14.917646],"faces":{"east":{"uv":[2.0,11.2,2.4,12.0],"tintindex":0,"rotation":0,"texture":"#0"},"south":{"uv":[1.8000001,7.6,3.6000001,8.400001],"tintindex":0,"rotation":0,"texture":"#0"},"north":{"uv":[3.6000001,7.6,5.4,8.400001],"tintindex":0,"rotation":0,"texture":"#0"},"west":{"uv":[1.6,11.2,2.0,12.0],"tintindex":0,"rotation":0,"texture":"#0"},"up":{"uv":[10.8,8.2,9.0,7.8],"tintindex":0,"rotation":180,"texture":"#0"},"down":{"uv":[10.8,8.2,9.0,8.6],"tintindex":0,"rotation":180,"texture":"#0"}}},{"from":[1.8235292,5.117109,3.717647],"to":[14.42353,9.317109,12.117647],"faces":{"east":{"uv":[9.2,2.8,10.400001,3.4],"tintindex":0,"rotation":0,"texture":"#0"},"south":{"uv":[7.2000003,8.0,9.0,8.6],"tintindex":0,"rotation":0,"texture":"#0"},"north":{"uv":[0.0,8.400001,1.8000001,9.0],"tintindex":0,"rotation":0,"texture":"#0"},"west":{"uv":[9.2,2.2,10.400001,2.8],"tintindex":0,"rotation":0,"texture":"#0"},"up":{"uv":[8.0,5.2000003,6.2000003,4.0],"tintindex":0,"rotation":180,"texture":"#0"},"down":{"uv":[1.8000001,6.4,0.0,7.6],"tintindex":0,"rotation":180,"texture":"#0"}}},{"from":[1.8235292,-0.48289108,-2.2323523],"to":[14.42353,3.7171087,1.9676471],"faces":{"east":{"uv":[2.8,10.6,2.2,11.2],"tintindex":0,"rotation":0,"texture":"#0"},"south":{"uv":[9.8,4.0,8.0,4.6],"tintindex":0,"rotation":0,"texture":"#0"},"north":{"uv":[9.6,6.8,7.8,7.4],"tintindex":0,"rotation":0,"texture":"#0"},"west":{"uv":[2.2,10.6,1.6,11.2],"tintindex":0,"rotation":0,"texture":"#0"},"up":{"uv":[9.8,4.6,8.0,5.2000003],"tintindex":0,"rotation":180,"texture":"#0"},"down":{"uv":[7.2000003,8.6,5.4,8.0],"tintindex":0,"rotation":180,"texture":"#0"}},"rotation":{"origin":[8.123529,5.817109,-3.9823523],"angle":-45.0,"axis":"x"}},{"from":[15.042874,3.3116293,2.317647],"to":[19.242874,7.5116296,13.517647],"faces":{"east":{"uv":[1.8000001,8.400001,3.4,9.0],"tintindex":0,"rotation":0,"texture":"#0"},"south":{"uv":[5.0,10.6,5.6,11.2],"tintindex":0,"rotation":0,"texture":"#0"},"north":{"uv":[5.6,10.6,6.2000003,11.2],"tintindex":0,"rotation":0,"texture":"#0"},"west":{"uv":[8.400001,1.6,10.0,2.2],"tintindex":0,"rotation":0,"texture":"#0"},"up":{"uv":[4.0,10.0,3.4,8.400001],"tintindex":0,"rotation":180,"texture":"#0"},"down":{"uv":[4.6,8.400001,4.0,10.0],"tintindex":0,"rotation":180,"texture":"#0"}},"rotation":{"origin":[17.142876,6.4616294,7.917647],"angle":-45.0,"axis":"z"}},{"from":[1.8235292,-0.48289108,13.867647],"to":[14.42353,3.7171087,18.067646],"faces":{"east":{"uv":[2.2,10.6,2.8,11.2],"tintindex":0,"rotation":0,"texture":"#0"},"south":{"uv":[7.8,6.8,9.6,7.4],"tintindex":0,"rotation":0,"texture":"#0"},"north":{"uv":[8.0,4.0,9.8,4.6],"tintindex":0,"rotation":0,"texture":"#0"},"west":{"uv":[1.6,10.6,2.2,11.2],"tintindex":0,"rotation":0,"texture":"#0"},"up":{"uv":[9.8,5.2000003,8.0,4.6],"tintindex":0,"rotation":180,"texture":"#0"},"down":{"uv":[7.2000003,8.0,5.4,8.6],"tintindex":0,"rotation":180,"texture":"#0"}},"rotation":{"origin":[8.123529,5.817109,19.817646],"angle":45.0,"axis":"x"}},{"from":[8.823529,9.317109,6.517647],"to":[13.023529,10.717109,10.717648],"faces":{"east":{"uv":[11.400001,6.4,12.0,6.6],"tintindex":0,"rotation":0,"texture":"#0"},"south":{"uv":[2.2,5.4,2.8,5.6],"tintindex":0,"rotation":0,"texture":"#0"},"north":{"uv":[11.2,0.8,11.8,1.0],"tintindex":0,"rotation":0,"texture":"#0"},"west":{"uv":[7.8,7.4,8.400001,7.6],"tintindex":0,"rotation":0,"texture":"#0"},"up":{"uv":[3.4,11.2,2.8,10.6],"tintindex":0,"rotation":180,"texture":"#0"},"down":{"uv":[11.2,4.0,10.6,4.6],"tintindex":0,"rotation":180,"texture":"#0"}}},{"from":[0.42352962,3.7171087,2.317647],"to":[15.823529,5.117109,13.517647],"faces":{"east":{"uv":[10.400001,3.2,12.0,3.4],"tintindex":0,"rotation":0,"texture":"#0"},"south":{"uv":[10.0,6.6,12.2,6.8],"tintindex":0,"rotation":0,"texture":"#0"},"north":{"uv":[10.400001,2.2,12.6,2.4],"tintindex":0,"rotation":0,"texture":"#0"},"west":{"uv":[10.400001,3.0,12.0,3.2],"tintindex":0,"rotation":0,"texture":"#0"},"up":{"uv":[2.2,6.4,0.0,4.8],"tintindex":0,"rotation":180,"texture":"#0"},"down":{"uv":[7.8,0.0,5.6,1.6],"tintindex":0,"rotation":180,"texture":"#0"}}},{"from":[6.0235295,9.317109,9.317647],"to":[7.4235296,10.717109,10.717648],"faces":{"east":{"uv":[10.6,11.0,10.8,11.2],"tintindex":0,"rotation":0,"texture":"#0"},"south":{"uv":[5.2000003,8.400001,5.4,8.6],"tintindex":0,"rotation":0,"texture":"#0"},"north":{"uv":[5.0,10.0,5.2000003,10.2],"tintindex":0,"rotation":0,"texture":"#0"},"west":{"uv":[8.8,7.8,9.0,8.0],"tintindex":0,"rotation":0,"texture":"#0"},"up":{"uv":[11.400001,10.0,11.2,9.8],"tintindex":0,"rotation":180,"texture":"#0"},"down":{"uv":[11.400001,11.6,11.2,11.8],"tintindex":0,"rotation":180,"texture":"#0"}}},{"from":[14.42353,5.117109,0.9176469],"to":[17.22353,10.717109,14.917646],"faces":{"east":{"uv":[3.8,6.8,5.8,7.6],"tintindex":0,"rotation":0,"texture":"#0"},"south":{"uv":[2.4,11.2,2.8,12.0],"tintindex":0,"rotation":0,"texture":"#0"},"north":{"uv":[2.8,11.2,3.2,12.0],"tintindex":0,"rotation":0,"texture":"#0"},"west":{"uv":[1.8000001,6.8,3.8,7.6],"tintindex":0,"rotation":0,"texture":"#0"},"up":{"uv":[0.4,11.0,0.0,9.0],"tintindex":0,"rotation":180,"texture":"#0"},"down":{"uv":[0.8,9.0,0.4,11.0],"tintindex":0,"rotation":180,"texture":"#0"}}},{"from":[-2.3764706,9.317109,-0.48235226],"to":[-0.97647095,10.717109,16.317646],"faces":{"east":{"uv":[9.8,9.0,12.2,9.2],"tintindex":0,"rotation":0,"texture":"#0"},"south":{"uv":[1.2,12.400001,1.4,12.6],"tintindex":0,"rotation":0,"texture":"#0"},"north":{"uv":[12.400001,1.2,12.6,1.4],"tintindex":0,"rotation":0,"texture":"#0"},"west":{"uv":[9.8,8.8,12.2,9.0],"tintindex":0,"rotation":0,"texture":"#0"},"up":{"uv":[4.0,12.400001,3.8,10.0],"tintindex":0,"rotation":180,"texture":"#0"},"down":{"uv":[4.2000003,10.0,4.0,12.400001],"tintindex":0,"rotation":180,"texture":"#0"}}}],"display":{"head":{"rotation":[0.0,0.0,0.0]},"firstperson_righthand":{"rotation":[0.0,0.0,0.0]},"thirdperson_lefthand":{"rotation":[0.0,0.0,0.0]},"firstperson_lefthand":{"rotation":[0.0,0.0,0.0]},"fixed":{"rotation":[0.0,0.0,0.0]},"ground":{"rotation":[0.0,0.0,0.0]},"thirdperson_righthand":{"rotation":[0.0,0.0,0.0]},"gui":{"rotation":[-150.0,-45.0,180.0]}}}