{"textures":{"0":"modelengine:entity/watercrate","particle":"#0"},"elements":[{"from":[4.5,7.6500006,4.85],"to":[8.700001,11.85,9.05],"faces":{"east":{"uv":[2.125,7.625,1.75,8.0],"tintindex":0,"rotation":0,"texture":"#0"},"south":{"uv":[7.875,6.75,7.5,7.125],"tintindex":0,"rotation":0,"texture":"#0"},"north":{"uv":[3.875,7.5,3.5,7.875],"tintindex":0,"rotation":0,"texture":"#0"},"west":{"uv":[1.75,7.625,2.125,8.0],"tintindex":0,"rotation":0,"texture":"#0"},"up":{"uv":[2.125,8.0,2.5,7.625],"tintindex":0,"rotation":0,"texture":"#0"},"down":{"uv":[4.75,7.625,5.125,8.0],"tintindex":0,"rotation":0,"texture":"#0"}}},{"from":[5.3551865,8.99565,8.0],"to":[8.155187,11.7956505,12.2],"faces":{"east":{"uv":[0.875,8.25,0.5,8.5],"tintindex":0,"rotation":0,"texture":"#0"},"south":{"uv":[8.625,4.75,8.375,5.0],"tintindex":0,"rotation":0,"texture":"#0"},"north":{"uv":[4.875,8.375,4.625,8.625],"tintindex":0,"rotation":0,"texture":"#0"},"west":{"uv":[0.5,8.25,0.875,8.5],"tintindex":0,"rotation":0,"texture":"#0"},"up":{"uv":[2.5,6.25,2.75,5.875],"tintindex":0,"rotation":0,"texture":"#0"},"down":{"uv":[7.0,8.0,7.25,8.375],"tintindex":0,"rotation":0,"texture":"#0"}},"rotation":{"origin":[6.755187,9.69565,9.75],"angle":-45.0,"axis":"x"}},{"from":[5.4252396,11.467252,8.634544],"to":[7.52524,14.267251,10.734544],"faces":{"east":{"uv":[8.625,0.1875,8.875,0.0],"tintindex":0,"rotation":270,"texture":"#0"},"south":{"uv":[3.375,8.625,3.5625,8.875],"tintindex":0,"rotation":0,"texture":"#0"},"north":{"uv":[1.875,8.875,2.0625,8.625],"tintindex":0,"rotation":180,"texture":"#0"},"west":{"uv":[0.0,8.8125,0.25,8.625],"tintindex":0,"rotation":90,"texture":"#0"},"up":{"uv":[8.8125,5.375,8.625,5.5625],"tintindex":0,"rotation":0,"texture":"#0"},"down":{"uv":[8.8125,4.75,8.625,4.9375],"tintindex":0,"rotation":180,"texture":"#0"}},"rotation":{"origin":[6.4752398,12.867251,10.384544],"angle":-22.5,"axis":"x"}}],"display":{"head":{"rotation":[0.0,0.0,0.0]},"firstperson_righthand":{"rotation":[0.0,0.0,0.0]},"thirdperson_lefthand":{"rotation":[0.0,0.0,0.0]},"firstperson_lefthand":{"rotation":[0.0,0.0,0.0]},"fixed":{"rotation":[0.0,0.0,0.0]},"ground":{"rotation":[0.0,0.0,0.0]},"thirdperson_righthand":{"rotation":[0.0,0.0,0.0]},"gui":{"rotation":[-150.0,-45.0,180.0]}}}