{"textures":{"0":"modelengine:entity/watercrate","particle":"#0"},"elements":[{"from":[4.5,7.6500006,6.95],"to":[8.700001,11.85,11.15],"faces":{"east":{"uv":[1.75,7.625,2.125,8.0],"tintindex":0,"rotation":0,"texture":"#0"},"south":{"uv":[3.5,7.5,3.875,7.875],"tintindex":0,"rotation":0,"texture":"#0"},"north":{"uv":[7.5,6.75,7.875,7.125],"tintindex":0,"rotation":0,"texture":"#0"},"west":{"uv":[2.125,7.625,1.75,8.0],"tintindex":0,"rotation":0,"texture":"#0"},"up":{"uv":[2.125,7.625,2.5,8.0],"tintindex":0,"rotation":0,"texture":"#0"},"down":{"uv":[4.75,8.0,5.125,7.625],"tintindex":0,"rotation":0,"texture":"#0"}}},{"from":[5.3551865,8.99565,3.8000002],"to":[8.155187,11.7956505,8.0],"faces":{"east":{"uv":[0.5,8.25,0.875,8.5],"tintindex":0,"rotation":0,"texture":"#0"},"south":{"uv":[4.625,8.375,4.875,8.625],"tintindex":0,"rotation":0,"texture":"#0"},"north":{"uv":[8.375,4.75,8.625,5.0],"tintindex":0,"rotation":0,"texture":"#0"},"west":{"uv":[0.875,8.25,0.5,8.5],"tintindex":0,"rotation":0,"texture":"#0"},"up":{"uv":[2.5,5.875,2.75,6.25],"tintindex":0,"rotation":0,"texture":"#0"},"down":{"uv":[7.0,8.375,7.25,8.0],"tintindex":0,"rotation":0,"texture":"#0"}},"rotation":{"origin":[6.755187,9.69565,6.25],"angle":45.0,"axis":"x"}},{"from":[5.4252396,11.467252,5.265456],"to":[7.52524,14.267251,7.3654556],"faces":{"east":{"uv":[8.625,0.0,8.875,0.1875],"tintindex":0,"rotation":270,"texture":"#0"},"south":{"uv":[2.0625,8.875,1.875,8.625],"tintindex":0,"rotation":180,"texture":"#0"},"north":{"uv":[3.5625,8.625,3.375,8.875],"tintindex":0,"rotation":0,"texture":"#0"},"west":{"uv":[0.0,8.625,0.25,8.8125],"tintindex":0,"rotation":90,"texture":"#0"},"up":{"uv":[8.8125,5.5625,8.625,5.375],"tintindex":0,"rotation":0,"texture":"#0"},"down":{"uv":[8.8125,4.9375,8.625,4.75],"tintindex":0,"rotation":180,"texture":"#0"}},"rotation":{"origin":[6.4752398,12.867251,5.6154556],"angle":22.5,"axis":"x"}}],"display":{"head":{"rotation":[0.0,0.0,0.0]},"firstperson_righthand":{"rotation":[0.0,0.0,0.0]},"thirdperson_lefthand":{"rotation":[0.0,0.0,0.0]},"firstperson_lefthand":{"rotation":[0.0,0.0,0.0]},"fixed":{"rotation":[0.0,0.0,0.0]},"ground":{"rotation":[0.0,0.0,0.0]},"thirdperson_righthand":{"rotation":[0.0,0.0,0.0]},"gui":{"rotation":[-150.0,-45.0,180.0]}}}