{"textures":{"0":"modelengine:entity/watercrate","particle":"#0"},"elements":[{"from":[8.0,-0.39999962,3.8000002],"to":[8.0,8.0,12.2],"faces":{"east":{"uv":[0.0,9.0625,0.75,9.8125],"tintindex":0,"rotation":0,"texture":"#0"},"west":{"uv":[0.75,9.0625,0.0,9.8125],"tintindex":0,"rotation":0,"texture":"#0"}}}],"display":{"head":{"rotation":[0.0,0.0,0.0]},"firstperson_righthand":{"rotation":[0.0,0.0,0.0]},"thirdperson_lefthand":{"rotation":[0.0,0.0,0.0]},"firstperson_lefthand":{"rotation":[0.0,0.0,0.0]},"fixed":{"rotation":[0.0,0.0,0.0]},"ground":{"rotation":[0.0,0.0,0.0]},"thirdperson_righthand":{"rotation":[0.0,0.0,0.0]},"gui":{"rotation":[-150.0,-45.0,180.0]}}}