{"textures":{"0":"modelengine:entity/watercrate","particle":"#0"},"elements":[{"from":[1.7636361,5.637603,2.1454544],"to":[14.363636,11.237603,4.9454546],"faces":{"east":{"uv":[3.875,7.5,4.125,8.0],"tintindex":0,"rotation":0,"texture":"#0"},"south":{"uv":[5.625,1.5,6.75,2.0],"tintindex":0,"rotation":0,"texture":"#0"},"north":{"uv":[5.75,4.25,6.875,4.75],"tintindex":0,"rotation":0,"texture":"#0"},"west":{"uv":[4.875,5.5,5.125,6.0],"tintindex":0,"rotation":0,"texture":"#0"},"up":{"uv":[7.75,2.75,6.625,2.5],"tintindex":0,"rotation":180,"texture":"#0"},"down":{"uv":[7.875,1.5,6.75,1.75],"tintindex":0,"rotation":180,"texture":"#0"}}},{"from":[-1.0363636,9.837603,16.145454],"to":[17.163637,11.237603,17.545454],"faces":{"east":{"uv":[1.125,8.75,1.25,8.875],"tintindex":0,"rotation":0,"texture":"#0"},"south":{"uv":[7.25,2.375,8.875,2.5],"tintindex":0,"rotation":0,"texture":"#0"},"north":{"uv":[7.25,7.125,8.875,7.25],"tintindex":0,"rotation":0,"texture":"#0"},"west":{"uv":[0.75,8.75,0.875,8.875],"tintindex":0,"rotation":0,"texture":"#0"},"up":{"uv":[8.875,7.375,7.25,7.25],"tintindex":0,"rotation":180,"texture":"#0"},"down":{"uv":[9.0,0.5,7.375,0.625],"tintindex":0,"rotation":180,"texture":"#0"}}},{"from":[-1.0363636,5.637603,2.1454544],"to":[1.7636361,11.237603,16.145454],"faces":{"east":{"uv":[5.625,1.0,6.875,1.5],"tintindex":0,"rotation":0,"texture":"#0"},"south":{"uv":[0.5,7.875,0.25,8.375],"tintindex":0,"rotation":0,"texture":"#0"},"north":{"uv":[0.25,7.875,0.5,8.375],"tintindex":0,"rotation":0,"texture":"#0"},"west":{"uv":[5.625,0.0,6.875,0.5],"tintindex":0,"rotation":0,"texture":"#0"},"up":{"uv":[6.75,7.375,6.5,6.125],"tintindex":0,"rotation":180,"texture":"#0"},"down":{"uv":[0.25,6.625,0.0,7.875],"tintindex":0,"rotation":180,"texture":"#0"}}},{"from":[-2.4363632,5.637603,14.745455],"to":[0.3636365,8.437603,17.545454],"faces":{"east":{"uv":[7.25,8.375,7.5,8.625],"tintindex":0,"rotation":0,"texture":"#0"},"south":{"uv":[8.375,7.375,8.625,7.625],"tintindex":0,"rotation":0,"texture":"#0"},"north":{"uv":[7.0,8.375,7.25,8.625],"tintindex":0,"rotation":0,"texture":"#0"},"west":{"uv":[7.5,8.375,7.75,8.625],"tintindex":0,"rotation":0,"texture":"#0"},"up":{"uv":[0.375,8.5,0.625,8.75],"tintindex":0,"rotation":180,"texture":"#0"},"down":{"uv":[0.625,8.75,0.875,8.5],"tintindex":0,"rotation":180,"texture":"#0"}}},{"from":[15.413636,8.437603,14.395454],"to":[18.913637,11.377603,17.895454],"faces":{"east":{"uv":[0.3125,8.375,0.0,8.625],"tintindex":0,"rotation":0,"texture":"#0"},"south":{"uv":[8.5625,8.25,8.25,8.5],"tintindex":0,"rotation":0,"texture":"#0"},"north":{"uv":[8.5625,8.25,8.25,8.5],"tintindex":0,"rotation":0,"texture":"#0"},"west":{"uv":[0.3125,8.375,0.0,8.625],"tintindex":0,"rotation":0,"texture":"#0"},"up":{"uv":[8.3125,2.75,8.0,3.0625],"tintindex":0,"rotation":180,"texture":"#0"},"down":{"uv":[4.9375,8.3125,4.625,8.0],"tintindex":0,"rotation":180,"texture":"#0"}}},{"from":[15.413636,2.8911786,14.524797],"to":[18.913637,6.3911786,18.024797],"faces":{"east":{"uv":[6.9375,8.0,6.625,8.3125],"tintindex":0,"rotation":0,"texture":"#0"},"south":{"uv":[6.5625,8.0,6.25,8.3125],"tintindex":0,"rotation":0,"texture":"#0"},"north":{"uv":[8.3125,4.75,8.0,5.0625],"tintindex":0,"rotation":0,"texture":"#0"},"west":{"uv":[6.625,8.0,6.9375,8.3125],"tintindex":0,"rotation":0,"texture":"#0"},"up":{"uv":[8.3125,7.375,8.0,7.6875],"tintindex":0,"rotation":180,"texture":"#0"},"down":{"uv":[4.5625,8.4375,4.25,8.125],"tintindex":0,"rotation":180,"texture":"#0"}},"rotation":{"origin":[17.163637,4.9911785,16.274797],"angle":-45.0,"axis":"x"}},{"from":[15.413636,2.8911786,0.26611137],"to":[18.913637,6.3911786,3.7661114],"faces":{"east":{"uv":[6.625,8.0,6.9375,8.3125],"tintindex":0,"rotation":0,"texture":"#0"},"south":{"uv":[8.0,4.75,8.3125,5.0625],"tintindex":0,"rotation":0,"texture":"#0"},"north":{"uv":[6.25,8.0,6.5625,8.3125],"tintindex":0,"rotation":0,"texture":"#0"},"west":{"uv":[6.9375,8.0,6.625,8.3125],"tintindex":0,"rotation":0,"texture":"#0"},"up":{"uv":[8.3125,7.6875,8.0,7.375],"tintindex":0,"rotation":180,"texture":"#0"},"down":{"uv":[4.5625,8.125,4.25,8.4375],"tintindex":0,"rotation":180,"texture":"#0"}},"rotation":{"origin":[17.163637,4.9911785,2.0161114],"angle":45.0,"axis":"x"}},{"from":[1.7636361,5.637603,4.9454546],"to":[14.363636,9.837603,13.345454],"faces":{"east":{"uv":[6.75,6.75,7.5,7.125],"tintindex":0,"rotation":0,"texture":"#0"},"south":{"uv":[6.25,5.375,7.375,5.75],"tintindex":0,"rotation":0,"texture":"#0"},"north":{"uv":[6.25,5.75,7.375,6.125],"tintindex":0,"rotation":0,"texture":"#0"},"west":{"uv":[6.75,6.375,7.5,6.75],"tintindex":0,"rotation":0,"texture":"#0"},"up":{"uv":[6.25,6.125,5.125,5.375],"tintindex":0,"rotation":180,"texture":"#0"},"down":{"uv":[6.625,2.0,5.5,2.75],"tintindex":0,"rotation":180,"texture":"#0"}}},{"from":[-3.136363,2.0637922,16.402184],"to":[1.0636363,5.563792,19.902184],"faces":{"east":{"uv":[8.1875,8.125,7.875,8.4375],"tintindex":0,"rotation":0,"texture":"#0"},"south":{"uv":[5.875,7.875,6.25,8.1875],"tintindex":0,"rotation":0,"texture":"#0"},"north":{"uv":[3.5,7.875,3.875,8.1875],"tintindex":0,"rotation":0,"texture":"#0"},"west":{"uv":[7.875,8.125,8.1875,8.4375],"tintindex":0,"rotation":0,"texture":"#0"},"up":{"uv":[7.875,6.125,8.25,6.4375],"tintindex":0,"rotation":180,"texture":"#0"},"down":{"uv":[7.875,6.8125,8.25,6.5],"tintindex":0,"rotation":180,"texture":"#0"}}},{"from":[7.0136366,8.087603,-1.3545456],"to":[9.113636,8.787603,0.045454025],"faces":{"east":{"uv":[2.25,8.75,2.375,8.8125],"tintindex":0,"rotation":0,"texture":"#0"},"south":{"uv":[1.625,8.75,1.8125,8.8125],"tintindex":0,"rotation":0,"texture":"#0"},"north":{"uv":[8.75,1.625,8.9375,1.6875],"tintindex":0,"rotation":0,"texture":"#0"},"west":{"uv":[8.75,1.875,8.875,1.9375],"tintindex":0,"rotation":0,"texture":"#0"},"up":{"uv":[8.8125,7.125,8.625,7.0],"tintindex":0,"rotation":180,"texture":"#0"},"down":{"uv":[8.8125,7.375,8.625,7.5],"tintindex":0,"rotation":180,"texture":"#0"}}},{"from":[-3.136363,2.0637922,-1.6112747],"to":[1.0636363,5.563792,1.8887248],"faces":{"east":{"uv":[7.875,8.125,8.1875,8.4375],"tintindex":0,"rotation":0,"texture":"#0"},"south":{"uv":[3.875,7.875,3.5,8.1875],"tintindex":0,"rotation":0,"texture":"#0"},"north":{"uv":[6.25,7.875,5.875,8.1875],"tintindex":0,"rotation":0,"texture":"#0"},"west":{"uv":[8.1875,8.125,7.875,8.4375],"tintindex":0,"rotation":0,"texture":"#0"},"up":{"uv":[7.875,6.4375,8.25,6.125],"tintindex":0,"rotation":180,"texture":"#0"},"down":{"uv":[7.875,6.5,8.25,6.8125],"tintindex":0,"rotation":180,"texture":"#0"}}},{"from":[-2.4363632,5.637603,0.7454548],"to":[0.3636365,8.437603,3.5454545],"faces":{"east":{"uv":[7.5,8.375,7.25,8.625],"tintindex":0,"rotation":0,"texture":"#0"},"south":{"uv":[7.25,8.375,7.0,8.625],"tintindex":0,"rotation":0,"texture":"#0"},"north":{"uv":[8.625,7.375,8.375,7.625],"tintindex":0,"rotation":0,"texture":"#0"},"west":{"uv":[7.75,8.375,7.5,8.625],"tintindex":0,"rotation":0,"texture":"#0"},"up":{"uv":[0.375,8.75,0.625,8.5],"tintindex":0,"rotation":180,"texture":"#0"},"down":{"uv":[0.625,8.5,0.875,8.75],"tintindex":0,"rotation":180,"texture":"#0"}}},{"from":[14.363636,5.637603,2.1454544],"to":[17.163637,11.237603,16.145454],"faces":{"east":{"uv":[5.625,0.0,6.875,0.5],"tintindex":0,"rotation":0,"texture":"#0"},"south":{"uv":[7.875,7.75,7.625,8.25],"tintindex":0,"rotation":0,"texture":"#0"},"north":{"uv":[7.625,7.75,7.875,8.25],"tintindex":0,"rotation":0,"texture":"#0"},"west":{"uv":[3.625,5.5,4.875,6.0],"tintindex":0,"rotation":0,"texture":"#0"},"up":{"uv":[4.5,7.75,4.25,6.5],"tintindex":0,"rotation":180,"texture":"#0"},"down":{"uv":[4.75,6.5,4.5,7.75],"tintindex":0,"rotation":180,"texture":"#0"}}},{"from":[-2.7863636,8.437603,14.395454],"to":[0.7136364,11.377603,17.895454],"faces":{"east":{"uv":[0.0,8.375,0.3125,8.625],"tintindex":0,"rotation":0,"texture":"#0"},"south":{"uv":[8.25,8.25,8.5625,8.5],"tintindex":0,"rotation":0,"texture":"#0"},"north":{"uv":[8.25,8.25,8.5625,8.5],"tintindex":0,"rotation":0,"texture":"#0"},"west":{"uv":[0.0,8.375,0.3125,8.625],"tintindex":0,"rotation":0,"texture":"#0"},"up":{"uv":[8.0,2.75,8.3125,3.0625],"tintindex":0,"rotation":180,"texture":"#0"},"down":{"uv":[4.625,8.3125,4.9375,8.0],"tintindex":0,"rotation":180,"texture":"#0"}}},{"from":[3.1636362,9.837603,6.3454547],"to":[5.9636364,11.237603,9.145454],"faces":{"east":{"uv":[8.625,6.875,8.875,7.0],"tintindex":0,"rotation":0,"texture":"#0"},"south":{"uv":[8.625,5.125,8.875,5.25],"tintindex":0,"rotation":0,"texture":"#0"},"north":{"uv":[6.75,8.625,7.0,8.75],"tintindex":0,"rotation":0,"texture":"#0"},"west":{"uv":[8.625,5.875,8.875,6.0],"tintindex":0,"rotation":0,"texture":"#0"},"up":{"uv":[6.75,8.625,6.5,8.375],"tintindex":0,"rotation":180,"texture":"#0"},"down":{"uv":[7.0,8.375,6.75,8.625],"tintindex":0,"rotation":180,"texture":"#0"}}},{"from":[15.063637,2.0637922,16.402184],"to":[19.263638,5.563792,19.902184],"faces":{"east":{"uv":[8.1875,8.125,7.875,8.4375],"tintindex":0,"rotation":0,"texture":"#0"},"south":{"uv":[6.25,7.875,5.875,8.1875],"tintindex":0,"rotation":0,"texture":"#0"},"north":{"uv":[3.875,7.875,3.5,8.1875],"tintindex":0,"rotation":0,"texture":"#0"},"west":{"uv":[7.875,8.125,8.1875,8.4375],"tintindex":0,"rotation":0,"texture":"#0"},"up":{"uv":[8.25,6.125,7.875,6.4375],"tintindex":0,"rotation":180,"texture":"#0"},"down":{"uv":[8.25,6.8125,7.875,6.5],"tintindex":0,"rotation":180,"texture":"#0"}}},{"from":[17.163637,9.837603,0.7454548],"to":[18.563637,11.237603,17.545454],"faces":{"east":{"uv":[7.375,1.0,8.875,1.125],"tintindex":0,"rotation":0,"texture":"#0"},"south":{"uv":[1.25,8.75,1.375,8.875],"tintindex":0,"rotation":0,"texture":"#0"},"north":{"uv":[1.375,8.75,1.5,8.875],"tintindex":0,"rotation":0,"texture":"#0"},"west":{"uv":[7.375,0.875,8.875,1.0],"tintindex":0,"rotation":0,"texture":"#0"},"up":{"uv":[3.125,8.5,3.0,7.0],"tintindex":0,"rotation":180,"texture":"#0"},"down":{"uv":[4.25,7.0,4.125,8.5],"tintindex":0,"rotation":180,"texture":"#0"}}},{"from":[-1.0363636,9.837603,0.7454548],"to":[17.163637,11.237603,2.1454544],"faces":{"east":{"uv":[0.625,8.75,0.75,8.875],"tintindex":0,"rotation":0,"texture":"#0"},"south":{"uv":[7.125,5.25,8.75,5.375],"tintindex":0,"rotation":0,"texture":"#0"},"north":{"uv":[7.25,2.0,8.875,2.125],"tintindex":0,"rotation":0,"texture":"#0"},"west":{"uv":[0.5,8.75,0.625,8.875],"tintindex":0,"rotation":0,"texture":"#0"},"up":{"uv":[8.875,2.25,7.25,2.125],"tintindex":0,"rotation":180,"texture":"#0"},"down":{"uv":[8.875,2.25,7.25,2.375],"tintindex":0,"rotation":180,"texture":"#0"}}},{"from":[-2.7863636,2.8911786,0.26611137],"to":[0.7136364,6.3911786,3.7661114],"faces":{"east":{"uv":[6.625,8.0,6.9375,8.3125],"tintindex":0,"rotation":0,"texture":"#0"},"south":{"uv":[8.3125,4.75,8.0,5.0625],"tintindex":0,"rotation":0,"texture":"#0"},"north":{"uv":[6.5625,8.0,6.25,8.3125],"tintindex":0,"rotation":0,"texture":"#0"},"west":{"uv":[6.9375,8.0,6.625,8.3125],"tintindex":0,"rotation":0,"texture":"#0"},"up":{"uv":[8.0,7.6875,8.3125,7.375],"tintindex":0,"rotation":180,"texture":"#0"},"down":{"uv":[4.25,8.125,4.5625,8.4375],"tintindex":0,"rotation":180,"texture":"#0"}},"rotation":{"origin":[-1.0363636,4.9911785,2.0161114],"angle":45.0,"axis":"x"}},{"from":[-2.7863636,2.8911786,14.524797],"to":[0.7136364,6.3911786,18.024797],"faces":{"east":{"uv":[6.9375,8.0,6.625,8.3125],"tintindex":0,"rotation":0,"texture":"#0"},"south":{"uv":[6.25,8.0,6.5625,8.3125],"tintindex":0,"rotation":0,"texture":"#0"},"north":{"uv":[8.0,4.75,8.3125,5.0625],"tintindex":0,"rotation":0,"texture":"#0"},"west":{"uv":[6.625,8.0,6.9375,8.3125],"tintindex":0,"rotation":0,"texture":"#0"},"up":{"uv":[8.0,7.375,8.3125,7.6875],"tintindex":0,"rotation":180,"texture":"#0"},"down":{"uv":[4.25,8.4375,4.5625,8.125],"tintindex":0,"rotation":180,"texture":"#0"}},"rotation":{"origin":[-1.0363636,4.9911785,16.274797],"angle":-45.0,"axis":"x"}},{"from":[1.7636361,5.637603,13.345454],"to":[14.363636,11.237603,16.145454],"faces":{"east":{"uv":[5.375,7.75,5.625,8.25],"tintindex":0,"rotation":0,"texture":"#0"},"south":{"uv":[6.875,4.25,5.75,4.75],"tintindex":0,"rotation":0,"texture":"#0"},"north":{"uv":[4.75,6.125,5.875,6.625],"tintindex":0,"rotation":0,"texture":"#0"},"west":{"uv":[5.125,7.75,5.375,8.25],"tintindex":0,"rotation":0,"texture":"#0"},"up":{"uv":[7.875,2.0,6.75,1.75],"tintindex":0,"rotation":180,"texture":"#0"},"down":{"uv":[7.875,6.125,6.75,6.375],"tintindex":0,"rotation":180,"texture":"#0"}}},{"from":[9.113636,9.837603,-2.0545454],"to":[10.513637,12.637603,0.7454548],"faces":{"east":{"uv":[6.25,8.375,6.5,8.625],"tintindex":0,"rotation":0,"texture":"#0"},"south":{"uv":[2.75,8.25,2.875,8.5],"tintindex":0,"rotation":0,"texture":"#0"},"north":{"uv":[5.5,8.625,5.625,8.875],"tintindex":0,"rotation":0,"texture":"#0"},"west":{"uv":[8.375,5.375,8.625,5.625],"tintindex":0,"rotation":0,"texture":"#0"},"up":{"uv":[8.75,6.625,8.625,6.375],"tintindex":0,"rotation":180,"texture":"#0"},"down":{"uv":[6.625,8.625,6.5,8.875],"tintindex":0,"rotation":180,"texture":"#0"}}},{"from":[6.3136363,8.787603,-1.704546],"to":[9.813637,12.287602,0.3954544],"faces":{"east":{"uv":[3.125,8.25,3.3125,8.75],"tintindex":0,"rotation":0,"texture":"#0"},"south":{"uv":[6.125,7.375,6.4375,7.875],"tintindex":0,"rotation":0,"texture":"#0"},"north":{"uv":[7.25,7.5625,7.5625,7.875],"tintindex":0,"rotation":0,"texture":"#0"},"west":{"uv":[2.5,8.25,2.6875,8.75],"tintindex":0,"rotation":0,"texture":"#0"},"up":{"uv":[5.4375,8.6875,5.125,8.5],"tintindex":0,"rotation":180,"texture":"#0"},"down":{"uv":[6.1875,8.5,5.875,8.6875],"tintindex":0,"rotation":180,"texture":"#0"}}},{"from":[5.613636,9.837603,-2.0545454],"to":[7.0136366,12.637603,0.7454548],"faces":{"east":{"uv":[8.625,5.375,8.375,5.625],"tintindex":0,"rotation":0,"texture":"#0"},"south":{"uv":[2.875,8.25,2.75,8.5],"tintindex":0,"rotation":0,"texture":"#0"},"north":{"uv":[5.625,8.625,5.5,8.875],"tintindex":0,"rotation":0,"texture":"#0"},"west":{"uv":[6.5,8.375,6.25,8.625],"tintindex":0,"rotation":0,"texture":"#0"},"up":{"uv":[8.625,6.625,8.75,6.375],"tintindex":0,"rotation":180,"texture":"#0"},"down":{"uv":[6.5,8.625,6.625,8.875],"tintindex":0,"rotation":180,"texture":"#0"}}},{"from":[15.063637,2.0637922,-1.6112747],"to":[19.263638,5.563792,1.8887248],"faces":{"east":{"uv":[7.875,8.125,8.1875,8.4375],"tintindex":0,"rotation":0,"texture":"#0"},"south":{"uv":[3.5,7.875,3.875,8.1875],"tintindex":0,"rotation":0,"texture":"#0"},"north":{"uv":[5.875,7.875,6.25,8.1875],"tintindex":0,"rotation":0,"texture":"#0"},"west":{"uv":[8.1875,8.125,7.875,8.4375],"tintindex":0,"rotation":0,"texture":"#0"},"up":{"uv":[8.25,6.4375,7.875,6.125],"tintindex":0,"rotation":180,"texture":"#0"},"down":{"uv":[8.25,6.5,7.875,6.8125],"tintindex":0,"rotation":180,"texture":"#0"}}},{"from":[15.763636,5.637603,0.7454548],"to":[18.563637,8.437603,3.5454545],"faces":{"east":{"uv":[7.5,8.375,7.75,8.625],"tintindex":0,"rotation":0,"texture":"#0"},"south":{"uv":[7.0,8.375,7.25,8.625],"tintindex":0,"rotation":0,"texture":"#0"},"north":{"uv":[8.375,7.375,8.625,7.625],"tintindex":0,"rotation":0,"texture":"#0"},"west":{"uv":[7.25,8.375,7.5,8.625],"tintindex":0,"rotation":0,"texture":"#0"},"up":{"uv":[0.625,8.75,0.375,8.5],"tintindex":0,"rotation":180,"texture":"#0"},"down":{"uv":[0.875,8.5,0.625,8.75],"tintindex":0,"rotation":180,"texture":"#0"}}},{"from":[15.763636,5.637603,14.745455],"to":[18.563637,8.437603,17.545454],"faces":{"east":{"uv":[7.75,8.375,7.5,8.625],"tintindex":0,"rotation":0,"texture":"#0"},"south":{"uv":[8.625,7.375,8.375,7.625],"tintindex":0,"rotation":0,"texture":"#0"},"north":{"uv":[7.25,8.375,7.0,8.625],"tintindex":0,"rotation":0,"texture":"#0"},"west":{"uv":[7.5,8.375,7.25,8.625],"tintindex":0,"rotation":0,"texture":"#0"},"up":{"uv":[0.625,8.5,0.375,8.75],"tintindex":0,"rotation":180,"texture":"#0"},"down":{"uv":[0.875,8.75,0.625,8.5],"tintindex":0,"rotation":180,"texture":"#0"}}},{"from":[8.763637,9.837603,7.745455],"to":[12.963636,11.237603,11.945455],"faces":{"east":{"uv":[8.625,0.25,9.0,0.375],"tintindex":0,"rotation":0,"texture":"#0"},"south":{"uv":[4.75,6.0,5.125,6.125],"tintindex":0,"rotation":0,"texture":"#0"},"north":{"uv":[8.375,7.625,8.75,7.75],"tintindex":0,"rotation":0,"texture":"#0"},"west":{"uv":[8.375,6.0,8.75,6.125],"tintindex":0,"rotation":0,"texture":"#0"},"up":{"uv":[4.625,8.125,4.25,7.75],"tintindex":0,"rotation":180,"texture":"#0"},"down":{"uv":[8.125,4.25,7.75,4.625],"tintindex":0,"rotation":180,"texture":"#0"}}},{"from":[15.413636,8.437603,0.3954544],"to":[18.913637,11.377603,3.8954544],"faces":{"east":{"uv":[0.0,8.375,0.3125,8.625],"tintindex":0,"rotation":0,"texture":"#0"},"south":{"uv":[8.25,8.25,8.5625,8.5],"tintindex":0,"rotation":0,"texture":"#0"},"north":{"uv":[8.25,8.25,8.5625,8.5],"tintindex":0,"rotation":0,"texture":"#0"},"west":{"uv":[0.0,8.375,0.3125,8.625],"tintindex":0,"rotation":0,"texture":"#0"},"up":{"uv":[8.3125,3.0625,8.0,2.75],"tintindex":0,"rotation":180,"texture":"#0"},"down":{"uv":[4.9375,8.0,4.625,8.3125],"tintindex":0,"rotation":180,"texture":"#0"}}},{"from":[-2.7863636,8.437603,0.3954544],"to":[0.7136364,11.377603,3.8954544],"faces":{"east":{"uv":[0.3125,8.375,0.0,8.625],"tintindex":0,"rotation":0,"texture":"#0"},"south":{"uv":[8.5625,8.25,8.25,8.5],"tintindex":0,"rotation":0,"texture":"#0"},"north":{"uv":[8.5625,8.25,8.25,8.5],"tintindex":0,"rotation":0,"texture":"#0"},"west":{"uv":[0.3125,8.375,0.0,8.625],"tintindex":0,"rotation":0,"texture":"#0"},"up":{"uv":[8.0,3.0625,8.3125,2.75],"tintindex":0,"rotation":180,"texture":"#0"},"down":{"uv":[4.625,8.0,4.9375,8.3125],"tintindex":0,"rotation":180,"texture":"#0"}}},{"from":[5.9636364,9.837603,10.545454],"to":[7.3636365,11.237603,11.945455],"faces":{"east":{"uv":[8.625,8.25,8.75,8.375],"tintindex":0,"rotation":0,"texture":"#0"},"south":{"uv":[8.625,7.875,8.75,8.0],"tintindex":0,"rotation":0,"texture":"#0"},"north":{"uv":[8.625,8.125,8.75,8.25],"tintindex":0,"rotation":0,"texture":"#0"},"west":{"uv":[8.625,8.0,8.75,8.125],"tintindex":0,"rotation":0,"texture":"#0"},"up":{"uv":[8.75,8.5,8.625,8.375],"tintindex":0,"rotation":180,"texture":"#0"},"down":{"uv":[0.5,8.75,0.375,8.875],"tintindex":0,"rotation":180,"texture":"#0"}}},{"from":[-2.0863628,4.2376027,1.0954542],"to":[18.213636,6.3376026,17.195454],"faces":{"east":{"uv":[6.875,0.25,8.3125,0.4375],"tintindex":0,"rotation":0,"texture":"#0"},"south":{"uv":[6.5,3.5,8.3125,3.6875],"tintindex":0,"rotation":0,"texture":"#0"},"north":{"uv":[6.5,3.5,8.3125,3.6875],"tintindex":0,"rotation":0,"texture":"#0"},"west":{"uv":[6.875,0.25,8.3125,0.4375],"tintindex":0,"rotation":0,"texture":"#0"},"up":{"uv":[3.8125,4.4375,2.0,3.0],"tintindex":0,"rotation":180,"texture":"#0"},"down":{"uv":[1.8125,3.5,0.0,4.9375],"tintindex":0,"rotation":180,"texture":"#0"}}},{"from":[-2.4363632,9.837603,0.7454548],"to":[-1.0363636,11.237603,17.545454],"faces":{"east":{"uv":[7.375,1.25,8.875,1.375],"tintindex":0,"rotation":0,"texture":"#0"},"south":{"uv":[1.5,8.75,1.625,8.875],"tintindex":0,"rotation":0,"texture":"#0"},"north":{"uv":[8.75,1.5,8.875,1.625],"tintindex":0,"rotation":0,"texture":"#0"},"west":{"uv":[7.375,1.125,8.875,1.25],"tintindex":0,"rotation":0,"texture":"#0"},"up":{"uv":[5.75,8.75,5.625,7.25],"tintindex":0,"rotation":180,"texture":"#0"},"down":{"uv":[5.875,7.25,5.75,8.75],"tintindex":0,"rotation":180,"texture":"#0"}}}],"display":{"head":{"rotation":[0.0,0.0,0.0]},"firstperson_righthand":{"rotation":[0.0,0.0,0.0]},"thirdperson_lefthand":{"rotation":[0.0,0.0,0.0]},"firstperson_lefthand":{"rotation":[0.0,0.0,0.0]},"fixed":{"rotation":[0.0,0.0,0.0]},"ground":{"rotation":[0.0,0.0,0.0]},"thirdperson_righthand":{"rotation":[0.0,0.0,0.0]},"gui":{"rotation":[-150.0,-45.0,180.0]}}}